"ID","Item","Company","Quantity","Target FG Warehouse","Currency","Conversion Rate","Process Plan No","Item UOM","Is Active","Is Default","Allow Alternative Item","Set rate of sub-assembly item based on BOM","Project","Image","Rate Of Materials Based On","Price List","Price List Currency","Price List Exchange Rate","With Operations","Transfer Material Against","Routing","Finished Goods based Operating Cost","Operating Cost Per BOM Quantity","% Process Loss","Process Loss Qty","Operating Cost","Raw Material Cost","Scrap Material Cost","Operating Cost (Company Currency)","Raw Material Cost (Company Currency)","Scrap Material Cost(Company Currency)","Total Cost","Total Cost (Company Currency)","Item Name","Item Description","Has Variants","Quality Inspection Required","Quality Inspection Template","Show in Website","Route","Website Image","Thumbnail","Show Items","Show Operations","Website Description","BOM Creator","BOM Creator Item","Amended From","ID (Items)","Item Code (Items)","Qty (Items)","Rate (Items)","UOM (Items)","Allow Alternative Item (Items)","Amount (Items)","Amount (Company Currency) (Items)","Basic Rate (Company Currency) (Items)","BOM No (Items)","Conversion Factor (Items)","Do Not Explode (Items)","Has Variants (Items)","Image (Items)","Include Item In Manufacturing (Items)","Is Stock Item (Items)","Item Description (Items)","Item Name (Items)","Item operation (Items)","Original Item (Items)","Process Plan No (Items)","Qty Consumed Per Unit (Items)","Source Warehouse (Items)","Sourced by Supplier (Items)","Stock Qty (Items)","Stock UOM (Items)","ID (Operations)","Base Cost Per Unit (Operations)","Base Hour Rate(Company Currency) (Operations)","Batch Size (Operations)","Cost Per Unit (Operations)","Description (Operations)","Fixed Time (Operations)","Hour Rate (Operations)","Image (Operations)","Operating Cost (Operations)","Operating Cost(Company Currency) (Operations)","Operation (Operations)","Operation Time (Operations)","Process Plan No (Operations)","Quality Inspection Template (Operations)","Sequence ID (Operations)","Set Operating Cost Based On BOM Quantity (Operations)","Workstation (Operations)","Workstation Type (Operations)","ID (Scrap Items)","Amount (Scrap Items)","Basic Amount (Company Currency) (Scrap Items)","Basic Rate (Company Currency) (Scrap Items)","Item Code (Scrap Items)","Item Name (Scrap Items)","Qty (Scrap Items)","Rate (Scrap Items)","Stock UOM (Scrap Items)","ID (Exploded Items)","Amount (Exploded Items)","Description (Exploded Items)","Image (Exploded Items)","Include Item In Manufacturing (Exploded Items)","Item Code (Exploded Items)","Item Name (Exploded Items)","Operation (Exploded Items)","Qty Consumed Per Unit (Exploded Items)","Rate (Exploded Items)","Source Warehouse (Exploded Items)","Sourced by Supplier (Exploded Items)","Stock Qty (Exploded Items)","Stock UOM (Exploded Items)"
"BOM-R215 RAD Top Tank Sub Assy-001","R215 RAD Top Tank Sub Assy","Teksons Pvt Ltd",1.0,"","INR",1.0,"AL-PP-0398R-H11","Nos",1,1,0,1,"","","Valuation Rate","Standard Buying","INR",1.0,1,"Work Order","",0,0.0,0.0,0.0,0.0,8.97,0.0,0.0,8.97,0.0,8.97,8.97,"R215 RAD Top Tank Sub Assy","RAD Top Tank Sub Assy",0,0,"",0,"bom-r215-rad-top-tank-sub-assy-001","","",0,1,"","","","","g04tpnigsh","Tank End Plate 97*62*5",2.0,0.166666667,"Nos",0,0.34,0.34,0.166666667,"BOM-Tank End Plate 97*62*5-001",1.0,0,0,"",1,1,"Tank End Plate 97*62*5","Tank End Plate 97*62*5","","","",2.0,"",0,2.0,"Nos","g041o1s34d",0.0,0.0,1.0,0.0,"Tank Assembly",0,0.0,"",0.0,0.0,"Tank Assembly",1.0,"","",1,0,"","Mig Welding","","","","","","","","","","g14utarta6",0.18,"Aluminium Pipe 48.6*5MM Thk","",1,"Aluminium Pipe 48.6*5MM Thk","Aluminium Pipe 48.6*5MM Thk","",0.18,1.0,"",0,0.18,"Kg"
"","","","","","","","","","","","","","","","","","","","","","","","","","","","","","","","","","","","","","","","","","","","","","","","","","g04r5tf78q","Filler Neck 14PSI",1.0,1.0,"Nos",0,1.0,1.0,1.0,"",1.0,0,0,"",1,1,"Filler Neck 14PSI","Filler Neck 14PSI","","","",1.0,"",0,1.0,"Nos","","","","","","","","","","","","","","","","","","","","","","","","","","","","","g14miq0b9s",2.45,"Aluminium Extrusion No 0253OC-ALU-2-0005 70(H)*113(W)*7.5(T)*345LG","",1,"Aluminium Extrusion No 0253OC-ALU-2-0005 70(H)*113(W)*7.5(T)*345LG","Aluminium Extrusion No 0253OC-ALU-2-0005 70(H)*113(W)*7.5(T)*345LG","",2.45,1.0,"",0,2.45,"Kg"
"","","","","","","","","","","","","","","","","","","","","","","","","","","","","","","","","","","","","","","","","","","","","","","","","","g04nn86gl7","Filler Neck Over Flow Pipe",1.0,1.0,"Nos",0,1.0,1.0,1.0,"",1.0,0,0,"",1,1,"Filler Neck Over Flow Pipe","Filler Neck Over Flow Pipe","","","",1.0,"",0,1.0,"Nos","","","","","","","","","","","","","","","","","","","","","","","","","","","","","g14ph55k2i",1.0,"Filler Neck 14PSI","",1,"Filler Neck 14PSI","Filler Neck 14PSI","",1.0,1.0,"",0,1.0,"Nos"
"","","","","","","","","","","","","","","","","","","","","","","","","","","","","","","","","","","","","","","","","","","","","","","","","","g04k6mjcjk","R215 RAD Inlet and Outlet Pipe",1.0,0.18,"Nos",0,0.18,0.18,0.18,"BOM-RAD Inlet and Outlet Pipe-001",1.0,0,0,"",1,1,"RAD Inlet and Outlet Pipe","RAD Inlet and Outlet Pipe","","","",1.0,"",0,1.0,"Nos","","","","","","","","","","","","","","","","","","","","","","","","","","","","","g1401qefp0",1.0,"Filler Neck Over Flow Pipe","",1,"Filler Neck Over Flow Pipe","Filler Neck Over Flow Pipe","",1.0,1.0,"",0,1.0,"Nos"
"","","","","","","","","","","","","","","","","","","","","","","","","","","","","","","","","","","","","","","","","","","","","","","","","","g04p9m4j8u","R215 RAD Top Tank",1.0,6.45,"Nos",0,6.45,6.45,6.45,"BOM-RAD Top Tank-001",1.0,0,0,"",1,1,"RAD Top Tank","RAD Top Tank","","","",1.0,"",0,1.0,"Nos","","","","","","","","","","","","","","","","","","","","","","","","","","","","","g14ag48tio",4.0,"Helicoil Insert","",1,"Helicoil Insert M10 X 1.5 X 15 Mm","Helicoil Insert","",4.0,1.0,"",0,4.0,"Nos"
"","","","","","","","","","","","","","","","","","","","","","","","","","","","","","","","","","","","","","","","","","","","","","","","","","","","","","","","","","","","","","","","","","","","","","","","","","","","","","","","","","","","","","","","","","","","","","","","","","","","","","","","g14odheqhs",0.333333333,"Tank end plate for Extrusion no 0253OC-ALU-2-0005","",1,"Tank End Plate 70*5*595","Tank End Plate 70*5*595","",0.333333333,1.0,"",0,0.333333333,"Nos"
"BOM-OC Inlet & Outlet Block 101X66X30-001","OC Inlet & Outlet Block 101X66X30","Teksons Pvt Ltd",1.0,"","INR",1.0,"AL-PP-COMM-L005","Nos",1,1,0,1,"","","Valuation Rate","Standard Buying","INR",1.0,1,"Work Order","",0,0.0,0.0,0.0,0.0,4.49,0.0,0.0,4.49,0.0,4.49,4.49,"OC Inlet & Outlet Block 101X66X30","R215 O.C. Inlet &amp; Outlet Block 101X66X33",0,0,"",0,"bom-oc-inlet-&-outlet-block-101x66x30-001","","",0,1,"","","","","g5v6edfbki","Aluminium Extrusion No 398C-ALU-2-0027 ( 101*66*33 )",0.487,1.0,"Kg",0,0.49,0.49,1.0,"",1.0,0,0,"",1,1,"Aluminium Extrusion No 398C-ALU-2-0027 ( 101*66*33 )","Aluminium Extrusion No 398C-ALU-2-0027 ( 101*66*33 )","","","",0.487,"",0,0.487,"Kg","g5vhn1shbg",0.0,0.0,1.0,0.0,"Size Cutting",0,0.0,"",0.0,0.0,"Size Cutting",1.0,"","",1,0,"","Accurate Cutting","","","","","","","","","","g7cadkvpp2",0.487,"Aluminium Extrusion No 398C-ALU-2-0027 ( 101*66*33 )","",1,"Aluminium Extrusion No 398C-ALU-2-0027 ( 101*66*33 )","Aluminium Extrusion No 398C-ALU-2-0027 ( 101*66*33 )","",0.487,1.0,"",0,0.487,"Kg"
"","","","","","","","","","","","","","","","","","","","","","","","","","","","","","","","","","","","","","","","","","","","","","","","","","g5vqc1p8qs","Helicoil Insert M10 X 1.5 X 15 Mm",4.0,1.0,"Nos",0,4.0,4.0,1.0,"",1.0,0,0,"",1,1,"Helicoil Insert","Helicoil Insert","","","",4.0,"",0,4.0,"Nos","g5vi68df3q",0.0,0.0,1.0,0.0,"Helicoil Inserting",0,0.0,"",0.0,0.0,"Helicoil Insert",1.0,"","",2,0,"","Helicoil & Tapping","","","","","","","","","","g7comb3337",4.0,"Helicoil Insert","",1,"Helicoil Insert M10 X 1.5 X 15 Mm","Helicoil Insert","",4.0,1.0,"",0,4.0,"Nos"
"BOM-R215 OC Top Tank-002","R215 OC Top Tank","Teksons Pvt Ltd",1.0,"","INR",1.0,"AL-PP-0398OC-E04","Nos",1,1,0,1,"","","Valuation Rate","Standard Buying","INR",1.0,1,"Work Order","",0,0.0,0.0,0.0,0.0,9.11,0.0,0.0,9.11,0.0,9.11,9.11,"R215 OC Top Tank","OC Top Tank",0,0,"",0,"bom-r215-oc-top-tank-002","","",0,1,"","","","","cl65jr15ca","Helicoil Insert M10 X 1.5 X 15 Mm",6.0,1.0,"Nos",0,6.0,6.0,1.0,"",1.0,0,0,"",1,1,"Helicoil Insert","Helicoil Insert","","","",6.0,"",0,6.0,"Nos","cl6k1i2nsf",0.0,0.0,1.0,0.0,"Helicoil Inserting",0,0.0,"",0.0,0.0,"Helicoil Insert",1.0,"","",1,0,"","Helicoil & Tapping","","","","","","","","","","cn0jp9bgqa",3.11,"Aluminium Extrusion No 0073C-ALU-2-0008 70(H)*113(W)*7.5(T)*377LG","",1,"Aluminium Extrusion No 0073C-ALU-2-0008 70(H)*113(W)*7.5(T)*377LG","Aluminium Extrusion No 0073C-ALU-2-0008 70(H)*113(W)*7.5(T)*377LG","",3.11,1.0,"",0,3.11,"Kg"
"","","","","","","","","","","","","","","","","","","","","","","","","","","","","","","","","","","","","","","","","","","","","","","","","","cl6umqimk2","R215 OC Top & Bottom Tank 70x113x7.5x377LG",1.0,3.11,"Nos",0,3.11,3.11,3.11,"BOM-R215 OC Top & Bottom Tank 70x113x7.5x377LG-001",1.0,0,0,"",1,1,"OC Top &amp; Bottom Tank","R215 OC Top & Bottom Tank 70x113x7.5x377LG","","","",1.0,"",0,1.0,"Nos","","","","","","","","","","","","","","","","","","","","","","","","","","","","","cn0msr1ks3",6.0,"Helicoil Insert","",1,"Helicoil Insert M10 X 1.5 X 15 Mm","Helicoil Insert","",6.0,1.0,"",0,6.0,"Nos"
"BOM-R215 OC Bottom Tank-002","R215 OC Bottom Tank","Teksons Pvt Ltd",1.0,"","INR",1.0,"AL-PP-0398OC-F03","Nos",1,1,0,1,"","","Valuation Rate","Standard Buying","INR",1.0,1,"Work Order","",0,0.0,0.0,0.0,0.0,9.11,0.0,0.0,9.11,0.0,9.11,9.11,"R215 OC Bottom Tank","OC Bottom ",0,0,"",0,"bom-r215-oc-bottom-tank-002","","",0,1,"","","","","bmtetqiq35","R215 OC Top & Bottom Tank 70x113x7.5x377LG",1.0,3.11,"Nos",0,3.11,3.11,3.11,"BOM-R215 OC Top & Bottom Tank 70x113x7.5x377LG-001",1.0,0,0,"",1,1,"OC Top &amp; Bottom Tank","R215 OC Top & Bottom Tank 70x113x7.5x377LG","","","",1.0,"",0,1.0,"Nos","bmtlgtkr8n",0.0,0.0,1.0,0.0,"Helicoil Inserting",0,0.0,"",0.0,0.0,"Helicoil Insert",1.0,"","",1,0,"","Helicoil & Tapping","","","","","","","","","","bp87d337hv",3.11,"Aluminium Extrusion No 0073C-ALU-2-0008 70(H)*113(W)*7.5(T)*377LG","",1,"Aluminium Extrusion No 0073C-ALU-2-0008 70(H)*113(W)*7.5(T)*377LG","Aluminium Extrusion No 0073C-ALU-2-0008 70(H)*113(W)*7.5(T)*377LG","",3.11,1.0,"",0,3.11,"Kg"
"","","","","","","","","","","","","","","","","","","","","","","","","","","","","","","","","","","","","","","","","","","","","","","","","","bmt3tg8jqc","Helicoil Insert M10 X 1.5 X 15 Mm",6.0,1.0,"Nos",0,6.0,6.0,1.0,"",1.0,0,0,"",1,1,"Helicoil Insert","Helicoil Insert","","","",6.0,"",0,6.0,"Nos","","","","","","","","","","","","","","","","","","","","","","","","","","","","","bp83oe5f7s",6.0,"Helicoil Insert","",1,"Helicoil Insert M10 X 1.5 X 15 Mm","Helicoil Insert","",6.0,1.0,"",0,6.0,"Nos"
"BOM-Spacer Bar 10x15x110-001","Spacer Bar 10x15x110","Teksons Pvt Ltd",1.0,"","INR",1.0,"","Nos",1,1,0,1,"","","Valuation Rate","Standard Buying","INR",1.0,1,"Work Order","",0,0.0,0.0,0.0,0.0,0.04,0.0,0.0,0.04,0.0,0.04,0.04,"Spacer bar 10x15x110","Spacer bar 10x15x110",0,0,"",0,"bom-spacer-bar-10x15x110-001","","",0,0,"","","","","k7g530bimj","Spacer Bar 10 X 15 X 2115, Imported",0.045,1.0,"Kg",1,0.04,0.04,1.0,"",1.0,0,0,"",1,1,"Spacer Bar 10 X 15 X 2115, Imported","Spacer Bar 10 X 15 X 2115, Imported","","","",0.045,"",0,0.045,"Kg","k7ga1mth0h",0.0,0.0,1.0,0.0,"Bar Cutting",0,0.0,"",0.0,0.0,"Bar Cutting",1.0,"","",1,0,"Bar_Circular Saw Machine","Aluminium Bar Cutting","","","","","","","","","","k8vch1mbdg",0.045,"Spacer Bar 10 X 15 X 2115, Imported","",1,"Spacer Bar 10 X 15 X 2115, Imported","Spacer Bar 10 X 15 X 2115, Imported","",0.045,1.0,"",0,0.045,"Kg"
"BOM-R215 RAD Top and Bottom Tank-001","R215 RAD Top and Bottom Tank","Teksons Pvt Ltd",1.0,"","INR",1.0,"AL-PP-0398R-E01","Nos",1,1,0,1,"","","Valuation Rate","Standard Buying","INR",1.0,1,"Work Order","",0,0.0,0.0,0.0,0.0,2.45,0.0,0.0,2.45,0.0,2.45,2.45,"R215 RAD Top and Bottom Tank","RAD Top &amp; Bottom Tank",0,0,"",0,"bom-r215-rad-top-and-bottom-tank-001","","",0,1,"","","","","bo34qc6vau","Aluminium Extrusion No 0253OC-ALU-2-0005 70(H)*113(W)*7.5(T)*345LG",1.0,2.45,"Nos",0,2.45,2.45,2.45,"",2.45,0,0,"",1,1,"Aluminium Extrusion No 0253OC-ALU-2-0005 70(H)*113(W)*7.5(T)*345LG","Aluminium Extrusion No 0253OC-ALU-2-0005 70(H)*113(W)*7.5(T)*345LG","","","",2.45,"",0,2.45,"Kg","bo3ahe00l0",0.0,0.0,1.0,0.0,"Size Cutting",0,0.0,"",0.0,0.0,"Size Cutting",1.0,"","",1,0,"","Accurate Cutting","","","","","","","","","","bq2a18mfdh",2.45,"Aluminium Extrusion No 0253OC-ALU-2-0005 70(H)*113(W)*7.5(T)*345LG","",1,"Aluminium Extrusion No 0253OC-ALU-2-0005 70(H)*113(W)*7.5(T)*345LG","Aluminium Extrusion No 0253OC-ALU-2-0005 70(H)*113(W)*7.5(T)*345LG","",2.45,1.0,"",0,2.45,"Kg"
"BOM-Rad Bottom Tank Sub Assy-002","R215 RAD Bottom Tank Sub Assy","Teksons Pvt Ltd",1.0,"","INR",1.0,"AL-PP-0398R-H13","Nos",1,1,0,1,"","","Valuation Rate","Standard Buying","INR",1.0,1,"Work Order","",0,0.0,0.0,0.0,0.0,6.97,0.0,0.0,6.97,0.0,6.97,6.97,"Rad Bottom Tank Sub Assy","Rad Bottom Tank Sub Assy",0,0,"",0,"bom-rad-bottom-tank-sub-assy-002","","",0,1,"","","","","8n5q093jo7","R215 RAD Bottom Tank",1.0,6.45,"Nos",0,6.45,6.45,6.45,"BOM-Rad Bottom Tank-002",1.0,0,0,"",1,1,"Rad Bottom Tank","Rad Bottom Tank","","","",1.0,"",0,1.0,"Nos","8n59h80jk5",0.0,0.0,1.0,0.0,"Tank Assembly",0,0.0,"",0.0,0.0,"Tank Assembly",1.0,"","",1,0,"","Mig Welding","","","","","","","","","","e1ul3dv7d5",2.45,"Aluminium Extrusion No 0253OC-ALU-2-0005 70(H)*113(W)*7.5(T)*345LG","",1,"Aluminium Extrusion No 0253OC-ALU-2-0005 70(H)*113(W)*7.5(T)*345LG","Aluminium Extrusion No 0253OC-ALU-2-0005 70(H)*113(W)*7.5(T)*345LG","",2.45,1.0,"",0,2.45,"Kg"
"","","","","","","","","","","","","","","","","","","","","","","","","","","","","","","","","","","","","","","","","","","","","","","","","","8n5qt2ssc2","R215 RAD Inlet and Outlet Pipe",1.0,0.18,"Nos",0,0.18,0.18,0.18,"BOM-RAD Inlet and Outlet Pipe-001",1.0,0,0,"",1,1,"RAD Inlet and Outlet Pipe","RAD Inlet and Outlet Pipe","","","",1.0,"",0,1.0,"Nos","","","","","","","","","","","","","","","","","","","","","","","","","","","","","e1uc30r20m",0.18,"Aluminium Pipe 48.6*5MM Thk","",1,"Aluminium Pipe 48.6*5MM Thk","Aluminium Pipe 48.6*5MM Thk","",0.18,1.0,"",0,0.18,"Kg"
"","","","","","","","","","","","","","","","","","","","","","","","","","","","","","","","","","","","","","","","","","","","","","","","","","8n5ibe1ae7","Tank End Plate 97*62*5",2.0,0.166666667,"Nos",0,0.34,0.34,0.166666667,"BOM-Tank End Plate 97*62*5-001",1.0,0,0,"",1,1,"Tank End Plate 97*62*5","Tank End Plate 97*62*5","","","",2.0,"",0,2.0,"Nos","","","","","","","","","","","","","","","","","","","","","","","","","","","","","e1ungrui64",4.0,"Helicoil Insert","",1,"Helicoil Insert M10 X 1.5 X 15 Mm","Helicoil Insert","",4.0,1.0,"",0,4.0,"Nos"
"","","","","","","","","","","","","","","","","","","","","","","","","","","","","","","","","","","","","","","","","","","","","","","","","","","","","","","","","","","","","","","","","","","","","","","","","","","","","","","","","","","","","","","","","","","","","","","","","","","","","","","","e1uamfr5nb",0.333333333,"Tank end plate for Extrusion no 0253OC-ALU-2-0005","",1,"Tank End Plate 70*5*595","Tank End Plate 70*5*595","",0.333333333,1.0,"",0,0.333333333,"Nos"
"BOM-Rad Bottom Tank-002","R215 RAD Bottom Tank","Teksons Pvt Ltd",1.0,"","INR",1.0,"AL-PP-0398R-F03","Nos",1,1,0,1,"","","Valuation Rate","Standard Buying","INR",1.0,1,"Work Order","",0,0.0,0.0,0.0,0.0,6.45,0.0,0.0,6.45,0.0,6.45,6.45,"Rad Bottom Tank","Rad Bottom Tank",0,0,"",0,"bom-rad-bottom-tank-002","","",0,1,"","","","","7h03i7pe31","R215 RAD Top and Bottom Tank",1.0,2.45,"Nos",0,2.45,2.45,2.45,"BOM-R215 RAD Top and Bottom Tank-001",1.0,0,0,"",1,1,"RAD Top &amp; Bottom Tank","RAD Top & Bottom Tank","","","",1.0,"",0,1.0,"Nos","7h0hrkaupg",0.0,0.0,1.0,0.0,"Helicoil Inserting",0,0.0,"",0.0,0.0,"Helicoil Insert",1.0,"","",1,0,"","Helicoil & Tapping","","","","","","","","","","e1ui47bmpj",2.45,"Aluminium Extrusion No 0253OC-ALU-2-0005 70(H)*113(W)*7.5(T)*345LG","",1,"Aluminium Extrusion No 0253OC-ALU-2-0005 70(H)*113(W)*7.5(T)*345LG","Aluminium Extrusion No 0253OC-ALU-2-0005 70(H)*113(W)*7.5(T)*345LG","",2.45,1.0,"",0,2.45,"Kg"
"","","","","","","","","","","","","","","","","","","","","","","","","","","","","","","","","","","","","","","","","","","","","","","","","","7h0a2aea3m","Helicoil Insert M10 X 1.5 X 15 Mm",4.0,1.0,"Nos",0,4.0,4.0,1.0,"",1.0,0,0,"",1,1,"Helicoil Insert","Helicoil Insert","","","",4.0,"",0,4.0,"Nos","","","","","","","","","","","","","","","","","","","","","","","","","","","","","e1ukrpp59u",4.0,"Helicoil Insert","",1,"Helicoil Insert M10 X 1.5 X 15 Mm","Helicoil Insert","",4.0,1.0,"",0,4.0,"Nos"
"BOM-Tank End Plate 97*62*5-001","Tank End Plate 97*62*5","Teksons Pvt Ltd",6.0,"","INR",1.0,"","Nos",1,1,0,1,"","","Valuation Rate","Standard Buying","INR",1.0,1,"Work Order","",0,0.0,0.0,0.0,0.0,1.0,0.0,0.0,1.0,0.0,1.0,1.0,"Tank End Plate 97*62*5","Tank End Plate 97*62*5",0,0,"",0,"bom-tank-end-plate-97*62*5-001","","",0,0,"","","","","37vdoccagn","Tank End Plate 70*5*595",1.0,1.0,"Nos",0,1.0,1.0,1.0,"",1.0,0,0,"",1,1,"Tank end plate for Extrusion no 0253OC-ALU-2-0005","Tank End Plate 70*5*595","","","",0.166666667,"",0,1.0,"Nos","37vkoec1hm",0.0,0.0,1.0,0.0,"Blanking",0,0.0,"",0.0,0.0,"Blanking",1.0,"","",1,0,"","Corner Cutting, Punching, Folding and Blanking","","","","","","","","","","3b011gduoo",1.0,"Tank end plate for Extrusion no 0253OC-ALU-2-0005","",1,"Tank End Plate 70*5*595","Tank End Plate 70*5*595","",0.166666667,1.0,"",0,1.0,"Nos"
"BOM-R215 RAD Core End Plate2.5X110X1021-001","R215 RAD Core End Plate2.5X110X1021","Teksons Pvt Ltd",1.0,"","INR",1.0,"","Nos",1,1,0,1,"","","Valuation Rate","Standard Buying","INR",1.0,1,"Work Order","",0,0.0,0.0,0.0,0.0,0.77,0.0,0.0,0.77,0.0,0.77,0.77,"R215 RAD Core End Plate2.5X110X1021","R215 RAD Core End Plate2.5X110X1021",0,0,"",0,"bom-r215-rad-core-end-plate2.5x110x1021-001","","",0,0,"","","","","8u6e1nthh5","R215 OC and RAD Core End Plate2.5X110X1021",1.0,0.77,"Nos",0,0.77,0.77,0.77,"BOM-R215 OC and RAD Core End Plate2.5X110X1021-001",1.0,0,0,"",1,1,"R215 Core End Plate For OC &amp; RAD 2.5X110X1021","R215 OC and RAD Core End Plate2.5X110X1021","","","",1.0,"",0,1.0,"Nos","95vr269a1s",0.0,0.0,1.0,0.0,"Sr. No. Punching",0,0.0,"",0.0,0.0,"Sr. No. Punching",1.0,"","",1,0,"","Sr. No. Punching","","","","","","","","","","96puvu43jt",0.767,"Aluminium Sheet 2.5MM Thk Without Cladded","",1,"Aluminium Sheet 2.5MM Thk Without Cladded","Aluminium Sheet 2.5MM Thk Without Cladded","",0.767,1.0,"",0,0.767,"Kg"
"BOM-R215 OC Core End Plate 5X140X1021-002","R215 OC Core End Plate 5X140X1021","Teksons Pvt Ltd",1.0,"","INR",1.0,"AL-PP-0398OC-C13","Nos",1,1,0,1,"","","Valuation Rate","Standard Buying","INR",1.0,1,"Work Order","",0,0.0,0.0,0.0,0.0,2.3,0.0,0.0,2.3,0.0,2.3,2.3,"R215 OC Core End Plate 5X140X1021","OC Core End Plate 5*140*1021",0,0,"",0,"bom-r215-oc-core-end-plate-5x140x1021-002","","",0,1,"","","","","6ro76vausi","R215 OC Core End Plate 5X165X1021",1.0,2.3,"Nos",0,2.3,2.3,2.3,"BOM-R215 OC Core End Plate 5X165X1021-001",1.0,0,0,"",1,1,"R215 OC Core End Plate 5X165X1021","R215 OC Core End Plate 5X165X1021","","","",1.0,"",0,1.0,"Nos","6rpc904e8m",0.0,0.0,1.0,0.0,"Folding",0,0.0,"",0.0,0.0,"Folding",1.0,"","",1,0,"","Corner Cutting, Punching, Folding and Blanking","","","","","","","","","","7hashi5jb5",2.3,"Aluminium Sheet 5MM Thk","",1,"Aluminium Sheet 5MM Thk","Aluminium Sheet 5MM Thk","",2.3,1.0,"",0,2.3,"Kg"
"","","","","","","","","","","","","","","","","","","","","","","","","","","","","","","","","","","","","","","","","","","","","","","","","","","","","","","","","","","","","","","","","","","","","","","","","","","","6rpj9vm27p",0.0,0.0,1.0,0.0,"Sr. No. Punching",0,0.0,"",0.0,0.0,"Sr. No. Punching",1.0,"","",2,0,"","Sr. No. Punching","","","","","","","","","","","","","","","","","","","","","","",""
"BOM-Turbulator 0.3*250*44.5-002","Turbulator 0.3*250*44.5","Teksons Pvt Ltd",1.0,"","INR",1.0,"AL-PP-COMM-A011","Nos",1,1,0,1,"","","Valuation Rate","Standard Buying","INR",1.0,1,"Work Order","",0,0.0,0.0,0.0,0.0,0.02,0.0,0.0,0.02,0.0,0.02,0.02,"Turbulator 0.3*250*44.5","Turbulator 0.3*250*44.5",0,0,"",0,"bom-turbulator-0.3*250*44.5-002","","",0,1,"","","","","jmejtet4ki","Aluminium Coil 0.3×250MM",0.015,1.0,"Kg",0,0.02,0.02,1.0,"",1.0,0,0,"",1,1,"Aluminium Coil 0.3×250MM","Aluminium Coil 0.3×250MM","","","",0.015,"",0,0.015,"Kg","jmergoc3nj",0.0,0.0,1.0,0.0,"Turbu Forming & Cutting",0,0.0,"",0.0,0.0,"Turbu Forming",1.0,"","",1,0,"","Turbulator Forming and Cutting","","","","","","","","","","jsleq76kno",0.015,"Aluminium Coil 0.3×250MM","",1,"Aluminium Coil 0.3×250MM","Aluminium Coil 0.3×250MM","",0.015,1.0,"",0,0.015,"Kg"
"BOM-Nut Cover for Condenser Mounting 43*30.3*1-001","Nut Cover for Condenser Mounting 43*30.3*1","Teksons Pvt Ltd",1.0,"","INR",1.0,"","Nos",1,1,0,1,"","","Valuation Rate","Standard Buying","INR",1.0,1,"Work Order","",0,0.0,0.0,0.0,0.0,0.01,0.0,0.0,0.01,0.0,0.01,0.01,"Nut Cover for Condenser Mounting 43*30.3*1","Nut Cover for Condenser Mounting 43*30.3*1",0,0,"",0,"bom-nut-cover-for-condenser-mounting-43*30.3*1-001","","",0,0,"","","","","d09hsgcteh","MS – 1 MM Thk",0.01,1.0,"Kg",0,0.01,0.01,1.0,"",1.0,0,0,"",1,1,"MS – 1 MM Thk","MS – 1 MM Thk","","","",0.01,"",0,0.01,"Kg","d85n95agui",0.0,0.0,1.0,0.0,"Shearing (W) Operation",0,0.0,"",0.0,0.0,"Shearing",1.0,"","",1,0,"W Department","Accurate Cutting","","","","","","","","","","jb2hainb9v",0.01,"MS – 1 MM Thk","",1,"MS – 1 MM Thk","MS – 1 MM Thk","",0.01,1.0,"",0,0.01,"Kg"
"","","","","","","","","","","","","","","","","","","","","","","","","","","","","","","","","","","","","","","","","","","","","","","","","","","","","","","","","","","","","","","","","","","","","","","","","","","","dibobnvghl",0.0,0.0,1.0,0.0,"Punching",0,0.0,"",0.0,0.0,"Punching",1.0,"","",2,0,"","Corner Cutting, Punching, Folding and Blanking","","","","","","","","","","","","","","","","","","","","","","",""
"BOM-Cage For M8 Sq Nut 182X50X0.5-001","Cage For M8 Sq Nut 182X50X0.5","Teksons Pvt Ltd",1.0,"","INR",1.0,"","Nos",1,1,0,1,"","","Valuation Rate","Standard Buying","INR",1.0,1,"Work Order","",0,0.0,0.0,0.0,0.0,1.04,0.0,0.0,1.04,0.0,1.04,1.04,"Cage For M8 Sq Nut 182X50X0.5","Cage For M8 Sq Nut 182X50X0.5",0,0,"",0,"bom-cage-for-m8-sq-nut-182x50x0.5-001","","",0,0,"","","","","9utcb0cj67","GI – 0.5MM Thk",0.036,1.0,"Kg",0,0.04,0.04,1.0,"",1.0,0,0,"",1,1,"GI – 0.5MM Thk","GI – 0.5MM Thk","","","",0.036,"",0,0.036,"Kg","nf7as2scqt",0.0,0.0,1.0,0.0,"Folding",0,0.0,"",0.0,0.0,"Folding",1.0,"","",1,0,"","Corner Cutting, Punching, Folding and Blanking","","","","","","","","","","q2rq5tbr4h",0.036,"GI – 0.5MM Thk","",1,"GI – 0.5MM Thk","GI – 0.5MM Thk","",0.036,1.0,"",0,0.036,"Kg"
"","","","","","","","","","","","","","","","","","","","","","","","","","","","","","","","","","","","","","","","","","","","","","","","","","9utl085em1","SQ Nut M8*1.25P",1.0,1.0,"Nos",0,1.0,1.0,1.0,"",1.0,0,0,"",1,1,"SQ Nut M8*1.25P","SQ Nut M8*1.25P","","","",1.0,"",0,1.0,"Nos","","","","","","","","","","","","","","","","","","","","","","","","","","","","","q2rinnr0s6",1.0,"SQ Nut M8*1.25P","",1,"SQ Nut M8*1.25P","SQ Nut M8*1.25P","",1.0,1.0,"",0,1.0,"Nos"
"BOM-CAC Bottom Tank Sub Assy-001","R215 CAC Bottom Tank Sub Assy","Teksons Pvt Ltd",1.0,"","INR",1.0,"","Nos",1,1,0,1,"","","Valuation Rate","Standard Buying","INR",1.0,1,"Work Order","",0,0.0,0.0,0.0,0.0,6.36,0.0,0.0,6.36,0.0,6.36,6.36,"CAC Bottom Tank Sub Assy","CAC Bottom Tank Sub Assy",0,0,"",0,"bom-cac-bottom-tank-sub-assy-001","","",0,0,"","","","","86487g2jtq","R215 CAC Bottom Tank",1.0,5.81,"Nos",0,5.81,5.81,5.81,"BOM-R215 CAC Bottom Tank-001",1.0,0,0,"",1,1,"CAC Bottom Tank","R215 CAC Bottom Tank","","","",1.0,"",0,1.0,"Nos","2d088uardm",0.0,0.0,1.0,0.0,"Tank Assembly",0,0.0,"",0.0,0.0,"Tank Assembly",1.0,"","",1,0,"","Mig Welding","","","","","","","","","","2efj5rsk9v",1.81,"Aluminium Extrusion No 0239C-ALU-2-0001 110(H)*113(W)*7.5(T)*186Kg","",1,"Aluminium Extrusion No 0239C-ALU-2-0001 110(H)*113(W)*7.5(T)*186Kg","Aluminium Extrusion No 0239C-ALU-2-0001 110(H)*113(W)*7.5(T)*186Kg","",1.81,1.0,"",0,1.81,"Kg"
"","","","","","","","","","","","","","","","","","","","","","","","","","","","","","","","","","","","","","","","","","","","","","","","","","864r5geom2","R215 CAC Inlet and Outlet Pipe",1.0,0.25,"Nos",0,0.25,0.25,0.25,"BOM-CAC Inlet and Outlet Pipe-001",1.0,0,0,"",1,1,"CAC Inlet and Outlet Pipe","CAC Inlet and Outlet Pipe","","","",1.0,"",0,1.0,"Nos","","","","","","","","","","","","","","","","","","","","","","","","","","","","","2ef4fbetb2",0.253,"Aluminium Pipe ⌀ 76.0*3MM Thk","",1,"Aluminium Pipe ⌀ 76.0*3MM Thk","Aluminium Pipe ⌀ 76.0*3MM Thk","",0.253,1.0,"",0,0.253,"Kg"
"","","","","","","","","","","","","","","","","","","","","","","","","","","","","","","","","","","","","","","","","","","","","","","","","","864bkggstv","Tank End Plate 101.5*96*5 for Extrusion No 0239C-ALU-2-0001",2.0,0.148333333,"Nos",0,0.3,0.3,0.148333333,"BOM-Tank End Plate for Extrusion No 0239C-ALU-2-0001-001",1.0,0,0,"",1,1,"Tank end plate for extrusion No  0239C-ALU-2-0001","Tank End Plate for Extrusion No 0239C-ALU-2-0001","","","",2.0,"",0,2.0,"Nos","","","","","","","","","","","","","","","","","","","","","","","","","","","","","2efsmqn5ro",0.298,"Aluminium Plate 110*5*2250MM","",1,"Aluminium Plate 110*5*2250MM","Aluminium Plate 110*5*2250MM","",0.298,1.0,"",0,0.298,"Kg"
"","","","","","","","","","","","","","","","","","","","","","","","","","","","","","","","","","","","","","","","","","","","","","","","","","","","","","","","","","","","","","","","","","","","","","","","","","","","","","","","","","","","","","","","","","","","","","","","","","","","","","","","2efiqi2f8t",4.0,"Helicoil Insert","",1,"Helicoil Insert M10 X 1.5 X 15 Mm","Helicoil Insert","",4.0,1.0,"",0,4.0,"Nos"
"BOM-R215 CAC Bottom Tank-001","R215 CAC Bottom Tank","Teksons Pvt Ltd",1.0,"","INR",1.0,"AL-PP-0398CAC-F03","Nos",1,1,0,1,"","","Valuation Rate","Standard Buying","",1.0,1,"Work Order","",0,0.0,0.0,0.0,0.0,5.81,0.0,0.0,5.81,0.0,5.81,5.81,"R215 CAC Bottom Tank","CAC Bottom Tank",0,0,"",0,"bom-r215-cac-bottom-tank-001","","",0,1,"","","","","5gq2e6r5fb","R215 CAC Top and Bottom Tank 110x113x7.5x186LG",1.0,1.81,"Nos",0,1.81,1.81,1.81,"BOM-R215 CAC Top and Bottom Tank 110x113x7.5x186LG-001",1.0,0,0,"",1,1,"CAC Top and Bottom Tank","R215 CAC Top and Bottom Tank 110x113x7.5x186LG","","","",1.0,"",0,1.0,"Nos","5gqoh5qfpf",0.0,0.0,1.0,0.0,"Drilling & Boring",0,0.0,"",0.0,0.0,"Drilling & Boring",1.0,"","",1,0,"","Drilling, Boring and Milling","","","","","","","","","","imn347en4l",1.81,"Aluminium Extrusion No 0239C-ALU-2-0001 110(H)*113(W)*7.5(T)*186Kg","",1,"Aluminium Extrusion No 0239C-ALU-2-0001 110(H)*113(W)*7.5(T)*186Kg","Aluminium Extrusion No 0239C-ALU-2-0001 110(H)*113(W)*7.5(T)*186Kg","",1.81,1.0,"",0,1.81,"Kg"
"","","","","","","","","","","","","","","","","","","","","","","","","","","","","","","","","","","","","","","","","","","","","","","","","","5gqai7benh","Helicoil Insert M10 X 1.5 X 15 Mm",4.0,1.0,"Nos",0,4.0,4.0,1.0,"",1.0,0,0,"",1,1,"Helicoil Insert","Helicoil Insert","","","",4.0,"",0,4.0,"Nos","5gqg7pqru5",0.0,0.0,1.0,0.0,"Helicoil Inserting",0,0.0,"",0.0,0.0,"Helicoil Insert",1.0,"","",2,0,"","Helicoil & Tapping","","","","","","","","","","imnojv9aie",4.0,"Helicoil Insert","",1,"Helicoil Insert M10 X 1.5 X 15 Mm","Helicoil Insert","",4.0,1.0,"",0,4.0,"Nos"
"BOM-R215-001","R215 Combi Cooler","Teksons Pvt Ltd",1.0,"","INR",1.0,"AL-PP-0398C-H28","Nos",1,1,0,1,"","","Valuation Rate","Standard Buying","",1.0,1,"Work Order","",0,0.0,0.0,0.0,0.0,369.37,0.0,0.0,369.37,0.0,369.37,369.37,"Hyundai R215 Combi Cooler","398 Product",0,0,"",0,"bom-r215-001","","",0,1,"","","","","5gnofqmbfb","R215 CAC",1.0,31.68,"Nos",0,31.68,31.68,31.68,"BOM-R215 CAC-001",1.0,0,0,"",1,1,"Charge Air Cooler","Charge Air Cooler","","","",1.0,"",0,1.0,"Nos","5gndeu9rsr",0.0,0.0,1.0,0.0,"Final Assembly",0,0.0,"",0.0,0.0,"Final Assembly",1.0,"","",1,0,"","Final Assembly","","","","","","","","","","gmr90l6saa",1.0,"Aluminium Bush 6063 Hyundai 8","",1,"0261Oc-Alu-2-004","Aluminium Bush 6063 Hyundai 8","",1.0,1.0,"",0,1.0,"Nos"
"","","","","","","","","","","","","","","","","","","","","","","","","","","","","","","","","","","","","","","","","","","","","","","","","","5gnelf84qs","R215 Bottom Cover Assembly",1.0,1.0,"Nos",0,1.0,1.0,1.0,"BOM-R215 Bottom Cover Assembly-001",1.0,0,0,"",1,1,"R215 Bottom Cover Assy","R215 Bottom Cover Assembly","","","",1.0,"",0,1.0,"Nos","5gn3vaarnv",0.0,0.0,1.0,0.0,"Pre Despatch Inspection",0,0.0,"",0.0,0.0,"PDI",1.0,"","",2,0,"","PDI","","","","","","","","","","gmrcen4jah",5.679,"Aluminium Coil 0.2*110","",1,"Aluminium Coil 0.2*110","Aluminium Coil 0.2*110","",5.679,1.0,"",0,5.679,"Kg"
"","","","","","","","","","","","","","","","","","","","","","","","","","","","","","","","","","","","","","","","","","","","","","","","","","5gnqfna90l","R215 Bottom Flyscreen Assembly",1.0,4.5,"Nos",0,4.5,4.5,4.5,"BOM-R215 Bottom Flyscreen Assembly-001",1.0,0,0,"",1,1,"Bottom Flyscreen Assembly","R215 Bottom Flyscreen Assembly","","","",1.0,"",0,1.0,"Nos","","","","","","","","","","","","","","","","","","","","","","","","","","","","","gmram1c65j",0.207,"Aluminium Coil 0.2×140","",1,"Aluminium Coil 0.2×140","Aluminium Coil 0.2×140","",0.207,1.0,"",0,0.207,"Kg"
"","","","","","","","","","","","","","","","","","","","","","","","","","","","","","","","","","","","","","","","","","","","","","","","","","5gn1ss30bp","Bottom Foam",2.0,1.0,"Nos",0,2.0,2.0,1.0,"",1.0,0,0,"",1,1,"Bottom Foam","Bottom Foam","","","",2.0,"",0,2.0,"Nos","","","","","","","","","","","","","","","","","","","","","","","","","","","","","gmrbu51617",3.708,"Aluminium Spacer Bar ALU-STD-0028 (8*10)","",1,"Aluminium Spacer Bar ALU-STD-0028 (8*10)","Aluminium Spacer Bar ALU-STD-0028 (8*10)","",3.708,1.0,"",0,3.708,"Kg"
"","","","","","","","","","","","","","","","","","","","","","","","","","","","","","","","","","","","","","","","","","","","","","","","","","5gnsbmsch6","C Clamp Spacer",12.0,1.0,"Nos",0,12.0,12.0,1.0,"",1.0,0,0,"",1,1,"C Clamp Spacer","C Clamp Spacer","","","",12.0,"",0,12.0,"Nos","","","","","","","","","","","","","","","","","","","","","","","","","","","","","gmrcu372od",1.024,"Aluminium Extrusion No 0.0318C-ALU-2-0034 (50*25*150)","",1,"Aluminium Extrusion No 0.0318C-ALU-2-0034 (50*25*150)","Aluminium Extrusion No 0.0318C-ALU-2-0034 (50*25*150)","",1.024,1.0,"",0,1.024,"Kg"
"","","","","","","","","","","","","","","","","","","","","","","","","","","","","","","","","","","","","","","","","","","","","","","","","","5gn0v1l8sj","Cage For M8 Sq Nut 182X50X0.5",8.0,1.04,"Nos",0,8.32,8.32,1.04,"BOM-Cage For M8 Sq Nut 182X50X0.5-001",1.0,0,0,"",1,1,"Cage For M8 Sq Nut 182X50X0.5","Cage For M8 Sq Nut 182X50X0.5","","","",8.0,"",0,8.0,"Nos","","","","","","","","","","","","","","","","","","","","","","","","","","","","","gmrv9t0htg",1.572,"Aluminium Extrusion No 0.0318C-ALU-2-0033 (31*19*25)","",1,"Aluminium Extrusion No 0.0318C-ALU-2-0033 (31*19*25)","Aluminium Extrusion No 0.0318C-ALU-2-0033 (31*19*25)","",1.572,1.0,"",0,1.572,"Kg"
"","","","","","","","","","","","","","","","","","","","","","","","","","","","","","","","","","","","","","","","","","","","","","","","","","5gnv90frme","EPDM Drain Hose",1.0,1.0,"Nos",0,1.0,1.0,1.0,"",1.0,0,0,"",1,1,"EPDM Drain Hose","EPDM Drain Hose","","","",1.0,"",0,1.0,"Nos","","","","","","","","","","","","","","","","","","","","","","","","","","","","","gmrjl9isjp",1.188,"Aluminium Coil 0.2×200MM","",1,"Aluminium Coil 0.2×200MM","Aluminium Coil 0.2×200MM","",1.188,1.0,"",0,1.188,"Kg"
"","","","","","","","","","","","","","","","","","","","","","","","","","","","","","","","","","","","","","","","","","","","","","","","","","5gn67nqcf7","R215 Fan Cowl",1.0,1.0,"Nos",0,1.0,1.0,1.0,"BOM-Fan Cowl-001",1.0,0,0,"",1,1,"Fan Cowl","Fan Cowl","","","",1.0,"",0,1.0,"Nos","","","","","","","","","","","","","","","","","","","","","","","","","","","","","gmruq4rcvk",12.6,"Aluminium Coil 0.6*110MM Thk","",1,"Aluminium Coil 0.6*110MM","Aluminium Coil 0.6*110MM","",12.6,1.0,"",0,12.6,"Kg"
"","","","","","","","","","","","","","","","","","","","","","","","","","","","","","","","","","","","","","","","","","","","","","","","","","5gnqnluap7","R215 Finger Guard",1.0,1.0,"Nos",0,1.0,1.0,1.0,"",1.0,0,0,"",1,1,"Finger Guard","R215 Finger Guard","","","",1.0,"",0,1.0,"Nos","","","","","","","","","","","","","","","","","","","","","","","","","","","","","gmr427db5e",0.506,"Aluminium Pipe ⌀ 76.0*3MM Thk","",1,"Aluminium Pipe ⌀ 76.0*3MM Thk","Aluminium Pipe ⌀ 76.0*3MM Thk","",0.506,1.0,"",0,0.506,"Kg"
"","","","","","","","","","","","","","","","","","","","","","","","","","","","","","","","","","","","","","","","","","","","","","","","","","5gnmubrnd2","Foam for CAC",2.0,1.0,"Nos",0,2.0,2.0,1.0,"",1.0,0,0,"",1,1,"Foam for CAC","Foam for CAC","","","",2.0,"",0,2.0,"Nos","","","","","","","","","","","","","","","","","","","","","","","","","","","","","gmrb3mpgc8",4.42,"Aluminium Sheet 5MM Thk","",1,"Aluminium Sheet 5MM Thk","Aluminium Sheet 5MM Thk","",4.42,1.0,"",0,4.42,"Kg"
"","","","","","","","","","","","","","","","","","","","","","","","","","","","","","","","","","","","","","","","","","","","","","","","","","5gnq4s3dla","Foam for gap B/W Cooler and F/C",2.0,1.0,"Nos",0,2.0,2.0,1.0,"",1.0,0,0,"",1,1,"Foam for gap B/W Cooler and F/C","Foam for gap B/W Cooler and F/C","","","",2.0,"",0,2.0,"Nos","","","","","","","","","","","","","","","","","","","","","","","","","","","","","gmrkagaus5",12.838,"Aluminium Coil 0.3*110MM","",1,"Aluminium Coil 0.3*110MM","Aluminium Coil 0.3*110MM","",12.838,1.0,"",0,12.838,"Kg"
"","","","","","","","","","","","","","","","","","","","","","","","","","","","","","","","","","","","","","","","","","","","","","","","","","5gno779iig","Foam for OIL Cooler",2.0,1.0,"Nos",0,2.0,2.0,1.0,"",1.0,0,0,"",1,1,"Foam for OIL Cooler","Foam for OIL Cooler","","","",2.0,"",0,2.0,"Nos","","","","","","","","","","","","","","","","","","","","","","","","","","","","","gmrmn48ukq",3.62,"Aluminium Extrusion No 0239C-ALU-2-0001 110(H)*113(W)*7.5(T)*186Kg","",1,"Aluminium Extrusion No 0239C-ALU-2-0001 110(H)*113(W)*7.5(T)*186Kg","Aluminium Extrusion No 0239C-ALU-2-0001 110(H)*113(W)*7.5(T)*186Kg","",3.62,1.0,"",0,3.62,"Kg"
"","","","","","","","","","","","","","","","","","","","","","","","","","","","","","","","","","","","","","","","","","","","","","","","","","5gn41q1lp6","HEX Head Bolt M8*1.25P*25LG",18.0,1.0,"Nos",0,18.0,18.0,1.0,"",1.0,0,0,"",1,1,"HEX Head Bolt M8*1.25P*25LG","HEX Head Bolt M8*1.25P*25LG","","","",18.0,"",0,18.0,"Nos","","","","","","","","","","","","","","","","","","","","","","","","","","","","","gmrv0jt4d5",0.596,"Aluminium Plate 110*5*2250MM","",1,"Aluminium Plate 110*5*2250MM","Aluminium Plate 110*5*2250MM","",0.596,1.0,"",0,0.596,"Kg"
"","","","","","","","","","","","","","","","","","","","","","","","","","","","","","","","","","","","","","","","","","","","","","","","","","5gn242j0dq","HEX Head Bolt M10*1.5P*30LG",28.0,1.0,"Nos",0,28.0,28.0,1.0,"",1.0,0,0,"",1,1,"HEX Head Bolt M10*1.5P*30LG","HEX Head Bolt M10*1.5P*30LG","","","",28.0,"",0,28.0,"Nos","","","","","","","","","","","","","","","","","","","","","","","","","","","","","gmrafv07ch",5.332,"Aluminium Spacer Bar ( ALU STD 0061 ) ( 9.5*15 )","",1,"Aluminium Spacer Bar ( ALU STD 0061 ) ( 9.5*15 )","Aluminium Spacer Bar ( ALU STD 0061 ) ( 9.5*15 )","",5.332,1.0,"",0,5.332,"Kg"
"","","","","","","","","","","","","","","","","","","","","","","","","","","","","","","","","","","","","","","","","","","","","","","","","","5gnu2jnjde","Hose Clip",1.0,1.0,"Nos",0,1.0,1.0,1.0,"",1.0,0,0,"",1,1,"Hose Clip","Hose Clip","","","",1.0,"",0,1.0,"Nos","","","","","","","","","","","","","","","","","","","","","","","","","","","","","gmrn110i1g",3.007,"Aluminium Sheet 2.5MM Thk Without Cladded","",1,"Aluminium Sheet 2.5MM Thk Without Cladded","Aluminium Sheet 2.5MM Thk Without Cladded","",3.007,1.0,"",0,3.007,"Kg"
"","","","","","","","","","","","","","","","","","","","","","","","","","","","","","","","","","","","","","","","","","","","","","","","","","5gnerfj9td","R215 LH – RH Condenser MTG BKT",1.0,1.0,"Pair",0,1.0,1.0,1.0,"BOM-LH – RH Condenser MTG BKT-001",1.0,0,0,"",1,1,"LH – RH Condenser MTG BKT","LH – RH Condenser MTG BKT","","","",1.0,"",0,1.0,"Set","","","","","","","","","","","","","","","","","","","","","","","","","","","","","gmrqg1a51p",0.543555556,"Aluminium Plate 70*8*800MM","",1,"Aluminium Plate 70*8*800MM","Aluminium Plate 70*8*800MM","",0.543555556,1.0,"",0,0.543555556,"Kg"
"","","","","","","","","","","","","","","","","","","","","","","","","","","","","","","","","","","","","","","","","","","","","","","","","","5gnqtlh0s9","R215 Ms Plate-2 (144X22X1.5)",1.0,1.04,"Nos",0,1.04,1.04,1.04,"BOM-MS Plate-2-001",1.0,0,0,"",1,1,"MS Plate-2","MS Plate-2","","","",1.0,"",0,1.0,"Nos","","","","","","","","","","","","","","","","","","","","","","","","","","","","","gmrvrvtdd7",11.61,"Aluminium Coil 0.7*110","",1,"Aluminium Coil 0.7*110","Aluminium Coil 0.7*110","",11.61,1.0,"",0,11.61,"Kg"
"","","","","","","","","","","","","","","","","","","","","","","","","","","","","","","","","","","","","","","","","","","","","","","","","","5gnoti3h25","R215 Ms Plate-1(102X22X1.5)",1.0,1.03,"Nos",0,1.03,1.03,1.03,"BOM-MS Plate-1-001",1.0,0,0,"",1,1,"MS Plate-1","MS Plate-1","","","",1.0,"",0,1.0,"Nos","","","","","","","","","","","","","","","","","","","","","","","","","","","","","gmreld5oap",6.22,"Aluminium Extrusion No 0073C-ALU-2-0008 70(H)*113(W)*7.5(T)*377LG","",1,"Aluminium Extrusion No 0073C-ALU-2-0008 70(H)*113(W)*7.5(T)*377LG","Aluminium Extrusion No 0073C-ALU-2-0008 70(H)*113(W)*7.5(T)*377LG","",6.22,1.0,"",0,6.22,"Kg"
"","","","","","","","","","","","","","","","","","","","","","","","","","","","","","","","","","","","","","","","","","","","","","","","","","5gni2t4m6e","M8 Nuts",2.0,1.0,"Nos",0,2.0,2.0,1.0,"",1.0,0,0,"",1,1,"Nuts","Nuts","","","",2.0,"",0,2.0,"Nos","","","","","","","","","","","","","","","","","","","","","","","","","","","","","gmrut3m45u",0.974,"Aluminium Extrusion No 398C-ALU-2-0027 ( 101*66*33 )","",1,"Aluminium Extrusion No 398C-ALU-2-0027 ( 101*66*33 )","Aluminium Extrusion No 398C-ALU-2-0027 ( 101*66*33 )","",0.974,1.0,"",0,0.974,"Kg"
"","","","","","","","","","","","","","","","","","","","","","","","","","","","","","","","","","","","","","","","","","","","","","","","","","5gn6c1lon5","R215 OC",1.0,69.93,"Nos",0,69.93,69.93,69.93,"BOM-Oil Cooler-001",1.0,0,0,"",1,1,"Oil Cooler","Oil Cooler","","","",1.0,"",0,1.0,"Nos","","","","","","","","","","","","","","","","","","","","","","","","","","","","","gmrcue55gu",2.808,"Aluminium Coil 0.3×300MM","",1,"Aluminium Coil 0.3×300MM","Aluminium Coil 0.3×300MM","",2.808,1.0,"",0,2.808,"Kg"
"","","","","","","","","","","","","","","","","","","","","","","","","","","","","","","","","","","","","","","","","","","","","","","","","","5gngl7bbt5","M10 Plain Washer",28.0,1.0,"Nos",0,28.0,28.0,1.0,"",1.0,0,0,"",1,1,"Plain washer (forM10)","Plain washer (for M10)","","","",28.0,"",0,28.0,"Nos","","","","","","","","","","","","","","","","","","","","","","","","","","","","","gmrqm9emia",7.434,"Aluminium Extruded Bar (ALU-STD-0043)(3*7)","",1,"Aluminium Extruded Bar (ALU-STD-0043)(3*7)","Aluminium Extruded Bar (ALU-STD-0043)(3*7)","",7.434,1.0,"",0,7.434,"Kg"
"","","","","","","","","","","","","","","","","","","","","","","","","","","","","","","","","","","","","","","","","","","","","","","","","","5gntpbtou7","M8 Plain Washer",26.0,1.0,"Nos",0,26.0,26.0,1.0,"",1.0,0,0,"",1,1,"Plain washer (forM8)","Plain washer (for M8)","","","",26.0,"",0,26.0,"Nos","","","","","","","","","","","","","","","","","","","","","","","","","","","","","gmrlkuiv1j",0.39,"Aluminium Coil 0.3×250MM","",1,"Aluminium Coil 0.3×250MM","Aluminium Coil 0.3×250MM","",0.39,1.0,"",0,0.39,"Kg"
"","","","","","","","","","","","","","","","","","","","","","","","","","","","","","","","","","","","","","","","","","","","","","","","","","5gndvncl3k","R215 RAD",1.0,42.23,"Nos",0,42.23,42.23,42.23,"BOM-Radiator-001",1.0,0,0,"",1,1,"Radiator","Radiator","","","",1.0,"",0,1.0,"Nos","","","","","","","","","","","","","","","","","","","","","","","","","","","","","gmrgk65fvl",0.0023,"Aluminium Pipe OD⌀10*ID⌀6*17L","",1,"Aluminium Pipe OD⌀10*ID⌀6*17L","Aluminium Pipe OD⌀10*ID⌀6*17L","",0.0023,1.0,"",0,0.0023,"Kg"
"","","","","","","","","","","","","","","","","","","","","","","","","","","","","","","","","","","","","","","","","","","","","","","","","","5gnnotefkr","Rivets - 4.8 X 12.5",4.0,1.0,"Nos",0,4.0,4.0,1.0,"",1.0,0,0,"",1,1,"Rivets - 4.8 X 12.5","Rivets - 4.8 X 12.5","","","",4.0,"",0,4.0,"Nos","","","","","","","","","","","","","","","","","","","","","","","","","","","","","gmrjt5s4ug",0.36,"Aluminium Pipe 48.6*5MM Thk","",1,"Aluminium Pipe 48.6*5MM Thk","Aluminium Pipe 48.6*5MM Thk","",0.36,1.0,"",0,0.36,"Kg"
"","","","","","","","","","","","","","","","","","","","","","","","","","","","","","","","","","","","","","","","","","","","","","","","","","5gna6phnog","M10 Spring Washer",28.0,1.0,"Nos",0,28.0,28.0,1.0,"",1.0,0,0,"",1,1,"Spring washer (forM10)","Spring washer (for M10)","","","",28.0,"",0,28.0,"Nos","","","","","","","","","","","","","","","","","","","","","","","","","","","","","gmrtv8ouu3",4.9,"Aluminium Extrusion No 0253OC-ALU-2-0005 70(H)*113(W)*7.5(T)*345LG","",1,"Aluminium Extrusion No 0253OC-ALU-2-0005 70(H)*113(W)*7.5(T)*345LG","Aluminium Extrusion No 0253OC-ALU-2-0005 70(H)*113(W)*7.5(T)*345LG","",4.9,1.0,"",0,4.9,"Kg"
"","","","","","","","","","","","","","","","","","","","","","","","","","","","","","","","","","","","","","","","","","","","","","","","","","5gnmigamri","M8 Spring Washer",26.0,1.0,"Nos",0,26.0,26.0,1.0,"",1.0,0,0,"",1,1,"Spring washer (forM8)","Spring Washer (for M8)","","","",26.0,"",0,26.0,"Nos","","","","","","","","","","","","","","","","","","","","","","","","","","","","","gmrmoenoh7",0.288,"Aluminium Coil 0.2×250 Thk","",1,"Aluminium Coil 0.2×250 Thk","Aluminium Coil 0.2×250 Thk","",0.288,1.0,"",0,0.288,"Kg"
"","","","","","","","","","","","","","","","","","","","","","","","","","","","","","","","","","","","","","","","","","","","","","","","","","5gn4qdpecd","R215 Top Cover Assembly",1.0,1.0,"Nos",0,1.0,1.0,1.0,"BOM-R215 Top Cover Assembly-001",1.0,0,0,"",1,1,"R215 Top Cover Assy","R215 Top Cover Assembly","","","",1.0,"",0,1.0,"Nos","","","","","","","","","","","","","","","","","","","","","","","","","","","","","gmrr6lnfpm",2.088,"Aluminium Coil 0.2×300","",1,"Aluminium Coil 0.2×300","Aluminium Coil 0.2×300","",2.088,1.0,"",0,2.088,"Kg"
"","","","","","","","","","","","","","","","","","","","","","","","","","","","","","","","","","","","","","","","","","","","","","","","","","5gnppki1gg","R215 Top Flyscreen Assembly",1.0,4.62,"Nos",0,4.62,4.62,4.62,"BOM-R215 Top Flyscreen Assembly-001",1.0,0,0,"",1,1,"Top Flyscreen Assembly","R215 Top Flyscreen Assembly","","","",1.0,"",0,1.0,"Nos","","","","","","","","","","","","","","","","","","","","","","","","","","","","","gmrts0i39s",2.0,"Bottom Foam","",1,"Bottom Foam","Bottom Foam","",2.0,1.0,"",0,2.0,"Nos"
"","","","","","","","","","","","","","","","","","","","","","","","","","","","","","","","","","","","","","","","","","","","","","","","","","5gn2jepjht","Wing Bolt",8.0,1.0,"Nos",0,8.0,8.0,1.0,"",1.0,0,0,"",1,1,"Wing Bolt","Wing Bolt","","","",8.0,"",0,8.0,"Nos","","","","","","","","","","","","","","","","","","","","","","","","","","","","","gmrd4aibqt",12.0,"C Clamp Spacer","",1,"C Clamp Spacer","C Clamp Spacer","",12.0,1.0,"",0,12.0,"Nos"
"","","","","","","","","","","","","","","","","","","","","","","","","","","","","","","","","","","","","","","","","","","","","","","","","","5gnn2k44ol","Pressure Cap",1.0,1.0,"Nos",0,1.0,1.0,1.0,"",1.0,0,0,"",1,1,"Pressure Cap","Pressure Cap","","","",1.0,"",0,1.0,"Nos","","","","","","","","","","","","","","","","","","","","","","","","","","","","","gmrjnpu67p",2.0,"Drain Plug","",1,"Drain Plug","Drain Plug","",2.0,1.0,"",0,2.0,"Nos"
"","","","","","","","","","","","","","","","","","","","","","","","","","","","","","","","","","","","","","","","","","","","","","","","","","5gni688h44","Foam",1.0,1.0,"Set",0,1.0,1.0,1.0,"",1.0,0,0,"",1,1,"Foam","Foam","","","",1.0,"",0,1.0,"Set","","","","","","","","","","","","","","","","","","","","","","","","","","","","","gmraengfde",1.0,"EPDM Drain Hose","",1,"EPDM Drain Hose","EPDM Drain Hose","",1.0,1.0,"",0,1.0,"Nos"
"","","","","","","","","","","","","","","","","","","","","","","","","","","","","","","","","","","","","","","","","","","","","","","","","","5gnm7pgq3d","Protective Cap for CAC",2.0,1.0,"Nos",0,2.0,2.0,1.0,"",1.0,0,0,"",1,1,"Protective Cap for CAC","Protective Cap for CAC","","","",2.0,"",0,2.0,"Nos","","","","","","","","","","","","","","","","","","","","","","","","","","","","","gmriqibh8j",2.0,"Foam for CAC","",1,"Foam for CAC","Foam for CAC","",2.0,1.0,"",0,2.0,"Nos"
"","","","","","","","","","","","","","","","","","","","","","","","","","","","","","","","","","","","","","","","","","","","","","","","","","5gn952qmq6","Protective cap for OC",2.0,1.0,"Nos",0,2.0,2.0,1.0,"",1.0,0,0,"",1,1,"Protective cap for OC","Protective cap for OC","","","",2.0,"",0,2.0,"Nos","","","","","","","","","","","","","","","","","","","","","","","","","","","","","gmraj8dsfq",2.0,"Foam for gap B/W Cooler and F/C","",1,"Foam for gap B/W Cooler and F/C","Foam for gap B/W Cooler and F/C","",2.0,1.0,"",0,2.0,"Nos"
"","","","","","","","","","","","","","","","","","","","","","","","","","","","","","","","","","","","","","","","","","","","","","","","","","5gna2rae5b","Protective Cap for Radiator",2.0,1.0,"Nos",0,2.0,2.0,1.0,"",1.0,0,0,"",1,1,"Protective Cap for Radiator","Protective Cap for Radiator","","","",2.0,"",0,2.0,"Nos","","","","","","","","","","","","","","","","","","","","","","","","","","","","","gmrn109sn1",2.0,"Foam for OIL Cooler","",1,"Foam for OIL Cooler","Foam for OIL Cooler","",2.0,1.0,"",0,2.0,"Nos"
"","","","","","","","","","","","","","","","","","","","","","","","","","","","","","","","","","","","","","","","","","","","","","","","","","5gn8u70e4l","Sticker (Warning)",1.0,1.0,"Nos",0,1.0,1.0,1.0,"",1.0,0,0,"",1,1,"Sticker (Warning)","Sticker (Warning)","","","",1.0,"",0,1.0,"Nos","","","","","","","","","","","","","","","","","","","","","","","","","","","","","gmritlbb11",1.0,"Filler Neck 14PSI","",1,"Filler Neck 14PSI","Filler Neck 14PSI","",1.0,1.0,"",0,1.0,"Nos"
"","","","","","","","","","","","","","","","","","","","","","","","","","","","","","","","","","","","","","","","","","","","","","","","","","5gnvb1kgbh","Sticker (Part No)",1.0,1.0,"Nos",0,1.0,1.0,1.0,"",1.0,0,0,"",1,1,"Sticker(Part No)","Sticker (Part No)","","","",1.0,"",0,1.0,"Nos","","","","","","","","","","","","","","","","","","","","","","","","","","","","","gmrqs3jhqp",1.0,"Filler Neck Over Flow Pipe","",1,"Filler Neck Over Flow Pipe","Filler Neck Over Flow Pipe","",1.0,1.0,"",0,1.0,"Nos"
"","","","","","","","","","","","","","","","","","","","","","","","","","","","","","","","","","","","","","","","","","","","","","","","","","5gn7joc6e9","Sticker (Serial No)",1.0,1.0,"Nos",0,1.0,1.0,1.0,"",1.0,0,0,"",1,1,"Sticker(Serial No)","Sticker (Serial No)","","","",1.0,"",0,1.0,"Nos","","","","","","","","","","","","","","","","","","","","","","","","","","","","","gmrlj8hp1q",1.0,"Foam","",1,"Foam","Foam","",1.0,1.0,"",0,1.0,"Set"
"","","","","","","","","","","","","","","","","","","","","","","","","","","","","","","","","","","","","","","","","","","","","","","","","","osbddt5h73","Nut Cover for Condenser Mounting 43*30.3*1",2.0,0.01,"Nos",0,0.02,0.02,0.01,"BOM-Nut Cover for Condenser Mounting 43*30.3*1-001",1.0,0,0,"",1,1,"Nut Cover for Condenser Mounting 43*30.3*1","Nut Cover for Condenser Mounting 43*30.3*1","","","",2.0,"",0,2.0,"Nos","","","","","","","","","","","","","","","","","","","","","","","","","","","","","gmr7sikj25",0.288,"GI – 0.5MM Thk","",1,"GI – 0.5MM Thk","GI – 0.5MM Thk","",0.288,1.0,"",0,0.288,"Kg"
"","","","","","","","","","","","","","","","","","","","","","","","","","","","","","","","","","","","","","","","","","","","","","","","","","","","","","","","","","","","","","","","","","","","","","","","","","","","","","","","","","","","","","","","","","","","","","","","","","","","","","","","gmrnhci7l6",4.0,"Helicoil Insert M8 X 1.25 X 16Mm (2 D)","",1,"Helicoil Insert M8 X 1.25 X 16Mm (2 D)","Helicoil Insert M8 X 1.25 X 16Mm (2 D)","",4.0,1.0,"",0,4.0,"Nos"
"","","","","","","","","","","","","","","","","","","","","","","","","","","","","","","","","","","","","","","","","","","","","","","","","","","","","","","","","","","","","","","","","","","","","","","","","","","","","","","","","","","","","","","","","","","","","","","","","","","","","","","","gmredjn117",36.0,"Helicoil Insert","",1,"Helicoil Insert M10 X 1.5 X 15 Mm","Helicoil Insert","",36.0,1.0,"",0,36.0,"Nos"
"","","","","","","","","","","","","","","","","","","","","","","","","","","","","","","","","","","","","","","","","","","","","","","","","","","","","","","","","","","","","","","","","","","","","","","","","","","","","","","","","","","","","","","","","","","","","","","","","","","","","","","","gmr07a8lk5",2.0,"Helicoil Insert M 12 X 1.75 X 18Mm","",1,"Helicoil Insert M 12 X 1.75 X 18Mm","Helicoil Insert M 12 X 1.75 X 18Mm","",2.0,1.0,"",0,2.0,"Nos"
"","","","","","","","","","","","","","","","","","","","","","","","","","","","","","","","","","","","","","","","","","","","","","","","","","","","","","","","","","","","","","","","","","","","","","","","","","","","","","","","","","","","","","","","","","","","","","","","","","","","","","","","gmrn4o3aot",18.0,"HEX Head Bolt M8*1.25P*25LG","",1,"HEX Head Bolt M8*1.25P*25LG","HEX Head Bolt M8*1.25P*25LG","",18.0,1.0,"",0,18.0,"Nos"
"","","","","","","","","","","","","","","","","","","","","","","","","","","","","","","","","","","","","","","","","","","","","","","","","","","","","","","","","","","","","","","","","","","","","","","","","","","","","","","","","","","","","","","","","","","","","","","","","","","","","","","","gmrj8mu0u9",28.0,"HEX Head Bolt M10*1.5P*30LG","",1,"HEX Head Bolt M10*1.5P*30LG","HEX Head Bolt M10*1.5P*30LG","",28.0,1.0,"",0,28.0,"Nos"
"","","","","","","","","","","","","","","","","","","","","","","","","","","","","","","","","","","","","","","","","","","","","","","","","","","","","","","","","","","","","","","","","","","","","","","","","","","","","","","","","","","","","","","","","","","","","","","","","","","","","","","","gmrq5v25k9",1.0,"Hose Clip","",1,"Hose Clip","Hose Clip","",1.0,1.0,"",0,1.0,"Nos"
"","","","","","","","","","","","","","","","","","","","","","","","","","","","","","","","","","","","","","","","","","","","","","","","","","","","","","","","","","","","","","","","","","","","","","","","","","","","","","","","","","","","","","","","","","","","","","","","","","","","","","","","gmr2iclpe2",2.0,"HEX Nut M8*1.25P","",1,"HEX Nut M8*1.25P","HEX Nut M8*1.25P","",2.0,1.0,"",0,2.0,"Nos"
"","","","","","","","","","","","","","","","","","","","","","","","","","","","","","","","","","","","","","","","","","","","","","","","","","","","","","","","","","","","","","","","","","","","","","","","","","","","","","","","","","","","","","","","","","","","","","","","","","","","","","","","gmrhr4nmp7",0.27,"MS – 2MM Thk","",1,"MS – 2MM Thk","MS – 2MM Thk","",0.27,1.0,"",0,0.27,"Kg"
"","","","","","","","","","","","","","","","","","","","","","","","","","","","","","","","","","","","","","","","","","","","","","","","","","","","","","","","","","","","","","","","","","","","","","","","","","","","","","","","","","","","","","","","","","","","","","","","","","","","","","","","gmrekc4gqn",0.612,"MS","",1,"MS","MS","",0.612,1.0,"",0,0.612,"Kg"
"","","","","","","","","","","","","","","","","","","","","","","","","","","","","","","","","","","","","","","","","","","","","","","","","","","","","","","","","","","","","","","","","","","","","","","","","","","","","","","","","","","","","","","","","","","","","","","","","","","","","","","","gmrfs0c2ul",0.037,"MS – 1.5 MM Thk","",1,"MS – 1.5 MM Thk","MS – 1.5 MM Thk","",0.037,1.0,"",0,0.037,"Kg"
"","","","","","","","","","","","","","","","","","","","","","","","","","","","","","","","","","","","","","","","","","","","","","","","","","","","","","","","","","","","","","","","","","","","","","","","","","","","","","","","","","","","","","","","","","","","","","","","","","","","","","","","gmrjl503is",0.026,"MS – 1.5MM Thk","",1,"MS – 1.5MM Thk","MS – 1.5MM Thk","",0.026,1.0,"",0,0.026,"Kg"
"","","","","","","","","","","","","","","","","","","","","","","","","","","","","","","","","","","","","","","","","","","","","","","","","","","","","","","","","","","","","","","","","","","","","","","","","","","","","","","","","","","","","","","","","","","","","","","","","","","","","","","","gmrhh90itp",2.0,"Nuts","",1,"M8 Nuts","Nuts","",2.0,1.0,"",0,2.0,"Nos"
"","","","","","","","","","","","","","","","","","","","","","","","","","","","","","","","","","","","","","","","","","","","","","","","","","","","","","","","","","","","","","","","","","","","","","","","","","","","","","","","","","","","","","","","","","","","","","","","","","","","","","","","gmrvb5ub4o",28.0,"Plain washer (forM10)","",1,"M10 Plain Washer","Plain washer (for M10)","",28.0,1.0,"",0,28.0,"Nos"
"","","","","","","","","","","","","","","","","","","","","","","","","","","","","","","","","","","","","","","","","","","","","","","","","","","","","","","","","","","","","","","","","","","","","","","","","","","","","","","","","","","","","","","","","","","","","","","","","","","","","","","","gmrokoiibn",26.0,"Plain washer (forM8)","",1,"M8 Plain Washer","Plain washer (for M8)","",26.0,1.0,"",0,26.0,"Nos"
"","","","","","","","","","","","","","","","","","","","","","","","","","","","","","","","","","","","","","","","","","","","","","","","","","","","","","","","","","","","","","","","","","","","","","","","","","","","","","","","","","","","","","","","","","","","","","","","","","","","","","","","gmrtk83o6n",28.0,"Spring washer (forM10)","",1,"M10 Spring Washer","Spring washer (for M10)","",28.0,1.0,"",0,28.0,"Nos"
"","","","","","","","","","","","","","","","","","","","","","","","","","","","","","","","","","","","","","","","","","","","","","","","","","","","","","","","","","","","","","","","","","","","","","","","","","","","","","","","","","","","","","","","","","","","","","","","","","","","","","","","gmruauqb26",26.0,"Spring washer (forM8)","",1,"M8 Spring Washer","Spring Washer (for M8)","",26.0,1.0,"",0,26.0,"Nos"
"","","","","","","","","","","","","","","","","","","","","","","","","","","","","","","","","","","","","","","","","","","","","","","","","","","","","","","","","","","","","","","","","","","","","","","","","","","","","","","","","","","","","","","","","","","","","","","","","","","","","","","","gmrva48vaq",0.234,"MS – 1 MM Thk","",1,"MS – 1 MM Thk","MS – 1 MM Thk","",0.234,1.0,"",0,0.234,"Kg"
"","","","","","","","","","","","","","","","","","","","","","","","","","","","","","","","","","","","","","","","","","","","","","","","","","","","","","","","","","","","","","","","","","","","","","","","","","","","","","","","","","","","","","","","","","","","","","","","","","","","","","","","gmru66nbus",1.0,"Pressure Cap","",1,"Pressure Cap","Pressure Cap","",1.0,1.0,"",0,1.0,"Nos"
"","","","","","","","","","","","","","","","","","","","","","","","","","","","","","","","","","","","","","","","","","","","","","","","","","","","","","","","","","","","","","","","","","","","","","","","","","","","","","","","","","","","","","","","","","","","","","","","","","","","","","","","gmrod73lrt",2.0,"Protective Cap for CAC","",1,"Protective Cap for CAC","Protective Cap for CAC","",2.0,1.0,"",0,2.0,"Nos"
"","","","","","","","","","","","","","","","","","","","","","","","","","","","","","","","","","","","","","","","","","","","","","","","","","","","","","","","","","","","","","","","","","","","","","","","","","","","","","","","","","","","","","","","","","","","","","","","","","","","","","","","gmrnhk4g1v",2.0,"Protective cap for OC","",1,"Protective cap for OC","Protective cap for OC","",2.0,1.0,"",0,2.0,"Nos"
"","","","","","","","","","","","","","","","","","","","","","","","","","","","","","","","","","","","","","","","","","","","","","","","","","","","","","","","","","","","","","","","","","","","","","","","","","","","","","","","","","","","","","","","","","","","","","","","","","","","","","","","gmr94vug7m",2.0,"Protective Cap for Radiator","",1,"Protective Cap for Radiator","Protective Cap for Radiator","",2.0,1.0,"",0,2.0,"Nos"
"","","","","","","","","","","","","","","","","","","","","","","","","","","","","","","","","","","","","","","","","","","","","","","","","","","","","","","","","","","","","","","","","","","","","","","","","","","","","","","","","","","","","","","","","","","","","","","","","","","","","","","","gmr9uunr2k",1.0,"R215 Bottom Cover Assy","",1,"R215 Bottom Cover Assembly","R215 Bottom Cover Assembly","",1.0,1.0,"",0,1.0,"Nos"
"","","","","","","","","","","","","","","","","","","","","","","","","","","","","","","","","","","","","","","","","","","","","","","","","","","","","","","","","","","","","","","","","","","","","","","","","","","","","","","","","","","","","","","","","","","","","","","","","","","","","","","","gmrn4e03tk",1.0,"Fan Cowl","",1,"R215 Fan Cowl","Fan Cowl","",1.0,1.0,"",0,1.0,"Nos"
"","","","","","","","","","","","","","","","","","","","","","","","","","","","","","","","","","","","","","","","","","","","","","","","","","","","","","","","","","","","","","","","","","","","","","","","","","","","","","","","","","","","","","","","","","","","","","","","","","","","","","","","gmrcpcrsbq",1.0,"Finger Guard","",1,"R215 Finger Guard","R215 Finger Guard","",1.0,1.0,"",0,1.0,"Nos"
"","","","","","","","","","","","","","","","","","","","","","","","","","","","","","","","","","","","","","","","","","","","","","","","","","","","","","","","","","","","","","","","","","","","","","","","","","","","","","","","","","","","","","","","","","","","","","","","","","","","","","","","gmrol0c48r",1.0,"LH – RH Condenser MTG BKT","",1,"R215 LH – RH Condenser MTG BKT","LH – RH Condenser MTG BKT","",1.0,1.0,"",0,1.0,"Set"
"","","","","","","","","","","","","","","","","","","","","","","","","","","","","","","","","","","","","","","","","","","","","","","","","","","","","","","","","","","","","","","","","","","","","","","","","","","","","","","","","","","","","","","","","","","","","","","","","","","","","","","","gmr9pah15t",1.0,"Rubber Seal","",1,"Rubber Seal","Rubber Seal","",1.0,1.0,"",0,1.0,"Nos"
"","","","","","","","","","","","","","","","","","","","","","","","","","","","","","","","","","","","","","","","","","","","","","","","","","","","","","","","","","","","","","","","","","","","","","","","","","","","","","","","","","","","","","","","","","","","","","","","","","","","","","","","gmrr7m3v5a",1.0,"RAD Drain Bush","",1,"RAD Drain Bush","RAD Drain Bush","",1.0,1.0,"",0,1.0,"Nos"
"","","","","","","","","","","","","","","","","","","","","","","","","","","","","","","","","","","","","","","","","","","","","","","","","","","","","","","","","","","","","","","","","","","","","","","","","","","","","","","","","","","","","","","","","","","","","","","","","","","","","","","","gmr3r0bsqt",4.0,"Rivets - 4.8 X 12.5","",1,"Rivets - 4.8 X 12.5","Rivets - 4.8 X 12.5","",4.0,1.0,"",0,4.0,"Nos"
"","","","","","","","","","","","","","","","","","","","","","","","","","","","","","","","","","","","","","","","","","","","","","","","","","","","","","","","","","","","","","","","","","","","","","","","","","","","","","","","","","","","","","","","","","","","","","","","","","","","","","","","gmrle43sas",1.0,"R215 Top Cover Assy","",1,"R215 Top Cover Assembly","R215 Top Cover Assembly","",1.0,1.0,"",0,1.0,"Nos"
"","","","","","","","","","","","","","","","","","","","","","","","","","","","","","","","","","","","","","","","","","","","","","","","","","","","","","","","","","","","","","","","","","","","","","","","","","","","","","","","","","","","","","","","","","","","","","","","","","","","","","","","gmr6n05qgo",8.0,"SQ Nut M8*1.25P","",1,"SQ Nut M8*1.25P","SQ Nut M8*1.25P","",8.0,1.0,"",0,8.0,"Nos"
"","","","","","","","","","","","","","","","","","","","","","","","","","","","","","","","","","","","","","","","","","","","","","","","","","","","","","","","","","","","","","","","","","","","","","","","","","","","","","","","","","","","","","","","","","","","","","","","","","","","","","","","gmruf0csin",1.0,"Sticker (Warning)","",1,"Sticker (Warning)","Sticker (Warning)","",1.0,1.0,"",0,1.0,"Nos"
"","","","","","","","","","","","","","","","","","","","","","","","","","","","","","","","","","","","","","","","","","","","","","","","","","","","","","","","","","","","","","","","","","","","","","","","","","","","","","","","","","","","","","","","","","","","","","","","","","","","","","","","gmrg8h6s30",1.0,"Sticker(Part No)","",1,"Sticker (Part No)","Sticker (Part No)","",1.0,1.0,"",0,1.0,"Nos"
"","","","","","","","","","","","","","","","","","","","","","","","","","","","","","","","","","","","","","","","","","","","","","","","","","","","","","","","","","","","","","","","","","","","","","","","","","","","","","","","","","","","","","","","","","","","","","","","","","","","","","","","gmru5563kv",1.0,"Sticker(Serial No)","",1,"Sticker (Serial No)","Sticker (Serial No)","",1.0,1.0,"",0,1.0,"Nos"
"","","","","","","","","","","","","","","","","","","","","","","","","","","","","","","","","","","","","","","","","","","","","","","","","","","","","","","","","","","","","","","","","","","","","","","","","","","","","","","","","","","","","","","","","","","","","","","","","","","","","","","","gmrlae7es5",0.666666666,"Tank end plate for Extrusion no 0253OC-ALU-2-0005","",1,"Tank End Plate 70*5*595","Tank End Plate 70*5*595","",0.666666666,1.0,"",0,0.666666666,"Nos"
"","","","","","","","","","","","","","","","","","","","","","","","","","","","","","","","","","","","","","","","","","","","","","","","","","","","","","","","","","","","","","","","","","","","","","","","","","","","","","","","","","","","","","","","","","","","","","","","","","","","","","","","gmr0vihbib",4.0,"U Piece Angle-2 529(W)*15(H)*7(T)","",1,"U Piece Angle-2 for Flyscreen - 529(W)*15(H)*7(T)","U Piece Angle-2 for Flyscreen - 529(W)*15(H)*7(T)","",4.0,1.0,"",0,4.0,"Nos"
"","","","","","","","","","","","","","","","","","","","","","","","","","","","","","","","","","","","","","","","","","","","","","","","","","","","","","","","","","","","","","","","","","","","","","","","","","","","","","","","","","","","","","","","","","","","","","","","","","","","","","","","gmr2gbrf1c",4.0,"U Piece Angle-1 910(L)*15(W)*7(T)","",1,"U Piece Angle-1 for Flyscreen - 910(L)*15(W)*7(T)","U Piece Angle-1 for Flyscreen - 910(L)*15(W)*7(T)","",4.0,1.0,"",0,4.0,"Nos"
"","","","","","","","","","","","","","","","","","","","","","","","","","","","","","","","","","","","","","","","","","","","","","","","","","","","","","","","","","","","","","","","","","","","","","","","","","","","","","","","","","","","","","","","","","","","","","","","","","","","","","","","gmrnqhf5jh",8.0,"Wing Bolt","",1,"Wing Bolt","Wing Bolt","",8.0,1.0,"",0,8.0,"Nos"
"BOM-R215 CAC-001","R215 CAC","Teksons Pvt Ltd",1.0,"","INR",1.0,"AL-PP-0398CAC-H20","Nos",1,1,0,1,"","","Valuation Rate","Standard Buying","INR",1.0,1,"Work Order","",0,0.0,0.0,0.0,0.0,31.68,0.0,0.0,31.68,0.0,31.68,31.68,"Charge Air Cooler","Charge Air Cooler",0,0,"",0,"bom-r215-cac-001","","",0,1,"","","","","5gm84vt836","R215 CAC Core",1.0,14.67,"Nos",0,14.67,14.67,14.67,"BOM-R215 CAC Core-001",1.0,0,0,"",1,1,"Core Assembly for CAC","R215 CAC Core","","","",1.0,"",0,1.0,"Nos","5gmm2ppbpf",0.0,0.0,1.0,0.0,"Tank To Core Tack Weld",0,0.0,"",0.0,0.0,"Tank To Core",1.0,"","",1,0,"","Mig Welding","","","","","","","","","","6mfgr4i93f",2.12,"Aluminium Sheet 5MM Thk","",1,"Aluminium Sheet 5MM Thk","Aluminium Sheet 5MM Thk","",2.12,1.0,"",0,2.12,"Kg"
"","","","","","","","","","","","","","","","","","","","","","","","","","","","","","","","","","","","","","","","","","","","","","","","","","5gm6680vp0","R215 CAC Top Tank Sub Assy",1.0,6.36,"Nos",0,6.36,6.36,6.36,"BOM-CAC Top Tank Sub Assy-001",1.0,0,0,"",1,1,"CAC Top Tank Sub Assy","CAC Top Tank Sub Assy","","","",1.0,"",0,1.0,"Nos","66pl65euol",0.0,0.0,1.0,0.0,"Angle Assembly",0,0.0,"",0.0,0.0,"Angle Assembly",1.0,"","",2,0,"","Mig Welding","","","","","","","","","","6mfid7k8f9",1.288,"Aluminium Coil 0.3*110MM","",1,"Aluminium Coil 0.3*110MM","Aluminium Coil 0.3*110MM","",1.288,1.0,"",0,1.288,"Kg"
"","","","","","","","","","","","","","","","","","","","","","","","","","","","","","","","","","","","","","","","","","","","","","","","","","5gmh3e22n9","R215 CAC Bottom Tank Sub Assy",1.0,6.36,"Nos",0,6.36,6.36,6.36,"BOM-CAC Bottom Tank Sub Assy-001",1.0,0,0,"",1,1,"CAC Bottom Tank Sub Assy","CAC Bottom Tank Sub Assy","","","",1.0,"",0,1.0,"Nos","66ps5u4hbj",0.0,0.0,1.0,0.0,"Leak Testing (Wet)",0,0.0,"",0.0,0.0,"Leak Testing",1.0,"","",3,0,"","Leak Test","","","","","","","","","","6mf5c016fd",3.708,"Aluminium Spacer Bar ALU-STD-0028 (8*10)","",1,"Aluminium Spacer Bar ALU-STD-0028 (8*10)","Aluminium Spacer Bar ALU-STD-0028 (8*10)","",3.708,1.0,"",0,3.708,"Kg"
"","","","","","","","","","","","","","","","","","","","","","","","","","","","","","","","","","","","","","","","","","","","","","","","","","5gmdb3h9vq","Stay Block 50X25X150",1.0,1.51,"Nos",0,1.51,1.51,1.51,"BOM-Stay Block-001",1.0,0,0,"",1,1,"Stay Block","Stay Block","","","",1.0,"",0,1.0,"Nos","","","","","","","","","","","","","","","","","","","","","","","","","","","","","6mf028ku5i",1.29,"Aluminium Coil 0.2*110","",1,"Aluminium Coil 0.2*110","Aluminium Coil 0.2*110","",1.29,1.0,"",0,1.29,"Kg"
"","","","","","","","","","","","","","","","","","","","","","","","","","","","","","","","","","","","","","","","","","","","","","","","","","5gm1d8rclq","Condenser Mounting Block 31X19X25",2.0,1.39,"Nos",0,2.78,2.78,1.39,"BOM-Condenser Mounting Block-001",1.0,0,0,"",1,1,"Condenser Mtg. Block 31X19X25","Condenser Mtg. Block 31X19X25","","","",2.0,"",0,2.0,"Nos","","","","","","","","","","","","","","","","","","","","","","","","","","","","","6mftd7km7p",0.706,"Aluminium Sheet 2.5MM Thk Without Cladded","",1,"Aluminium Sheet 2.5MM Thk Without Cladded","Aluminium Sheet 2.5MM Thk Without Cladded","",0.706,1.0,"",0,0.706,"Kg"
"","","","","","","","","","","","","","","","","","","","","","","","","","","","","","","","","","","","","","","","","","","","","","","","","","","","","","","","","","","","","","","","","","","","","","","","","","","","","","","","","","","","","","","","","","","","","","","","","","","","","","","","6mfb81i114",3.4,"Aluminium Coil 0.6*110MM Thk","",1,"Aluminium Coil 0.6*110MM","Aluminium Coil 0.6*110MM","",3.4,1.0,"",0,3.4,"Kg"
"","","","","","","","","","","","","","","","","","","","","","","","","","","","","","","","","","","","","","","","","","","","","","","","","","","","","","","","","","","","","","","","","","","","","","","","","","","","","","","","","","","","","","","","","","","","","","","","","","","","","","","","6mfs9adbrj",0.86,"Aluminium Spacer Bar ( ALU STD 0061 ) ( 9.5*15 )","",1,"Aluminium Spacer Bar ( ALU STD 0061 ) ( 9.5*15 )","Aluminium Spacer Bar ( ALU STD 0061 ) ( 9.5*15 )","",0.86,1.0,"",0,0.86,"Kg"
"","","","","","","","","","","","","","","","","","","","","","","","","","","","","","","","","","","","","","","","","","","","","","","","","","","","","","","","","","","","","","","","","","","","","","","","","","","","","","","","","","","","","","","","","","","","","","","","","","","","","","","","6mf0nrm153",0.207,"Aluminium Coil 0.2×140","",1,"Aluminium Coil 0.2×140","Aluminium Coil 0.2×140","",0.207,1.0,"",0,0.207,"Kg"
"","","","","","","","","","","","","","","","","","","","","","","","","","","","","","","","","","","","","","","","","","","","","","","","","","","","","","","","","","","","","","","","","","","","","","","","","","","","","","","","","","","","","","","","","","","","","","","","","","","","","","","","6mf8611bk9",1.188,"Aluminium Coil 0.2×200MM","",1,"Aluminium Coil 0.2×200MM","Aluminium Coil 0.2×200MM","",1.188,1.0,"",0,1.188,"Kg"
"","","","","","","","","","","","","","","","","","","","","","","","","","","","","","","","","","","","","","","","","","","","","","","","","","","","","","","","","","","","","","","","","","","","","","","","","","","","","","","","","","","","","","","","","","","","","","","","","","","","","","","","6mfontbvmk",3.62,"Aluminium Extrusion No 0239C-ALU-2-0001 110(H)*113(W)*7.5(T)*186Kg","",1,"Aluminium Extrusion No 0239C-ALU-2-0001 110(H)*113(W)*7.5(T)*186Kg","Aluminium Extrusion No 0239C-ALU-2-0001 110(H)*113(W)*7.5(T)*186Kg","",3.62,1.0,"",0,3.62,"Kg"
"","","","","","","","","","","","","","","","","","","","","","","","","","","","","","","","","","","","","","","","","","","","","","","","","","","","","","","","","","","","","","","","","","","","","","","","","","","","","","","","","","","","","","","","","","","","","","","","","","","","","","","","6mfgir5bve",0.506,"Aluminium Pipe ⌀ 76.0*3MM Thk","",1,"Aluminium Pipe ⌀ 76.0*3MM Thk","Aluminium Pipe ⌀ 76.0*3MM Thk","",0.506,1.0,"",0,0.506,"Kg"
"","","","","","","","","","","","","","","","","","","","","","","","","","","","","","","","","","","","","","","","","","","","","","","","","","","","","","","","","","","","","","","","","","","","","","","","","","","","","","","","","","","","","","","","","","","","","","","","","","","","","","","","6mfpshl8ab",0.596,"Aluminium Plate 110*5*2250MM","",1,"Aluminium Plate 110*5*2250MM","Aluminium Plate 110*5*2250MM","",0.596,1.0,"",0,0.596,"Kg"
"","","","","","","","","","","","","","","","","","","","","","","","","","","","","","","","","","","","","","","","","","","","","","","","","","","","","","","","","","","","","","","","","","","","","","","","","","","","","","","","","","","","","","","","","","","","","","","","","","","","","","","","6mf64uj4ha",0.512,"Aluminium Extrusion No 0.0318C-ALU-2-0034 (50*25*150)","",1,"Aluminium Extrusion No 0.0318C-ALU-2-0034 (50*25*150)","Aluminium Extrusion No 0.0318C-ALU-2-0034 (50*25*150)","",0.512,1.0,"",0,0.512,"Kg"
"","","","","","","","","","","","","","","","","","","","","","","","","","","","","","","","","","","","","","","","","","","","","","","","","","","","","","","","","","","","","","","","","","","","","","","","","","","","","","","","","","","","","","","","","","","","","","","","","","","","","","","","6mf6ck4ros",0.786,"Aluminium Extrusion No 0.0318C-ALU-2-0033 (31*19*25)","",1,"Aluminium Extrusion No 0.0318C-ALU-2-0033 (31*19*25)","Aluminium Extrusion No 0.0318C-ALU-2-0033 (31*19*25)","",0.786,1.0,"",0,0.786,"Kg"
"","","","","","","","","","","","","","","","","","","","","","","","","","","","","","","","","","","","","","","","","","","","","","","","","","","","","","","","","","","","","","","","","","","","","","","","","","","","","","","","","","","","","","","","","","","","","","","","","","","","","","","","6mfpvg5b6l",8.0,"Helicoil Insert","",1,"Helicoil Insert M10 X 1.5 X 15 Mm","Helicoil Insert","",8.0,1.0,"",0,8.0,"Nos"
"","","","","","","","","","","","","","","","","","","","","","","","","","","","","","","","","","","","","","","","","","","","","","","","","","","","","","","","","","","","","","","","","","","","","","","","","","","","","","","","","","","","","","","","","","","","","","","","","","","","","","","","6mfsj5lmvq",1.0,"Helicoil Insert M 12 X 1.75 X 18Mm","",1,"Helicoil Insert M 12 X 1.75 X 18Mm","Helicoil Insert M 12 X 1.75 X 18Mm","",1.0,1.0,"",0,1.0,"Nos"
"","","","","","","","","","","","","","","","","","","","","","","","","","","","","","","","","","","","","","","","","","","","","","","","","","","","","","","","","","","","","","","","","","","","","","","","","","","","","","","","","","","","","","","","","","","","","","","","","","","","","","","","6mf9mti9dm",2.0,"Helicoil Insert M8 X 1.25 X 16Mm (2 D)","",1,"Helicoil Insert M8 X 1.25 X 16Mm (2 D)","Helicoil Insert M8 X 1.25 X 16Mm (2 D)","",2.0,1.0,"",0,2.0,"Nos"
"BOM-Spacer Bar 9.5×15×110-001","Spacer Bar 9.5×15×110","Teksons Pvt Ltd",1.0,"","INR",1.0,"AL-PP-COMM-A006","Nos",1,1,0,1,"","","Valuation Rate","Standard Buying","INR",1.0,1,"Work Order","",0,0.0,0.0,0.0,0.0,0.04,0.0,0.0,0.04,0.0,0.04,0.04,"Spacer Bar 9.5×15×110","Spacer Bar 9.5×15×110",0,0,"",0,"bom-spacer-bar-9.5×15×110-001","","",0,1,"","","","","5gm4ftm5lb","Aluminium Spacer Bar ( ALU STD 0061 ) ( 9.5*15 )",0.043,1.0,"Kg",0,0.04,0.04,1.0,"",1.0,0,0,"",1,1,"Aluminium Spacer Bar ( ALU STD 0061 ) ( 9.5*15 )","Aluminium Spacer Bar ( ALU STD 0061 ) ( 9.5*15 )","","","",0.043,"",0,0.043,"Kg","5gm96bksj3",0.0,0.0,1.0,0.0,"Bar Cutting",0,0.0,"",0.0,0.0,"Bar Cutting",1.0,"","",1,0,"Bar_Circular Saw Machine","Aluminium Bar Cutting","","","","","","","","","","r2ms2mmf9a",0.043,"Aluminium Spacer Bar ( ALU STD 0061 ) ( 9.5*15 )","",1,"Aluminium Spacer Bar ( ALU STD 0061 ) ( 9.5*15 )","Aluminium Spacer Bar ( ALU STD 0061 ) ( 9.5*15 )","",0.043,1.0,"",0,0.043,"Kg"
"BOM-MS Plate-2-001","R215 Ms Plate-2 (144X22X1.5)","Teksons Pvt Ltd",1.0,"","INR",1.0,"AL-PP-0398C-G21","Nos",1,1,0,1,"","","Valuation Rate","Standard Buying","INR",1.0,1,"Work Order","",0,0.0,0.0,0.0,0.0,1.04,0.0,0.0,1.04,0.0,1.04,1.04,"R215 Ms Plate-2 (144X22X1.5)","R215 Ms Plate-2 (144X22X1.5)",0,0,"",0,"bom-ms-plate-2-001","","",0,1,"","","","","5glmjetdt1","MS – 1.5 MM Thk",0.037,1.0,"Kg",0,0.04,0.04,1.0,"",1.0,0,0,"",1,1,"MS – 1.5 MM Thk","MS – 1.5 MM Thk","","","",0.037,"",0,0.037,"Kg","5glifahrjs",0.0,0.0,1.0,0.0,"Shearing (W) Operation",0,0.0,"",0.0,0.0,"Shearing",1.0,"","",1,0,"","Shearing Machine","","","","","","","","","","ih65nvdobv",1.0,"HEX Nut M8*1.25P","",1,"HEX Nut M8*1.25P","HEX Nut M8*1.25P","",1.0,1.0,"",0,1.0,"Nos"
"","","","","","","","","","","","","","","","","","","","","","","","","","","","","","","","","","","","","","","","","","","","","","","","","","5gl8gs01ih","HEX Nut M8*1.25P",1.0,1.0,"Nos",0,1.0,1.0,1.0,"",1.0,0,0,"",1,1,"HEX Nut M8*1.25P","HEX Nut M8*1.25P","","","",1.0,"",0,1.0,"Nos","5glv0edppu",0.0,0.0,1.0,0.0,"Punching",0,0.0,"",0.0,0.0,"Punching",1.0,"","",2,0,"","Corner Cutting, Punching, Folding and Blanking","","","","","","","","","","ih6pp8q2ao",0.037,"MS – 1.5 MM Thk","",1,"MS – 1.5 MM Thk","MS – 1.5 MM Thk","",0.037,1.0,"",0,0.037,"Kg"
"BOM-MS Plate-1-001","R215 Ms Plate-1(102X22X1.5)","Teksons Pvt Ltd",1.0,"","INR",1.0,"AL-PP-0398C-G16","Nos",1,1,0,1,"","","Valuation Rate","Standard Buying","INR",1.0,1,"Work Order","",0,0.0,0.0,0.0,0.0,1.03,0.0,0.0,1.03,0.0,1.03,1.03,"R215 Ms Plate-1(102X22X1.5)","R215 Ms Plate-1(102X22X1.5)",0,0,"",0,"bom-ms-plate-1-001","","",0,1,"","","","","5glp3e0abn","MS – 1.5MM Thk",0.026,1.0,"Kg",0,0.03,0.03,1.0,"",1.0,0,0,"",1,1,"MS – 1.5MM Thk","MS – 1.5MM Thk","","","",0.026,"",0,0.026,"Kg","5glt3f9sbt",0.0,0.0,1.0,0.0,"Shearing (W) Operation",0,0.0,"",0.0,0.0,"Shearing",1.0,"","",1,0,"","Shearing Machine","","","","","","","","","","hv4emijt94",1.0,"HEX Nut M8*1.25P","",1,"HEX Nut M8*1.25P","HEX Nut M8*1.25P","",1.0,1.0,"",0,1.0,"Nos"
"","","","","","","","","","","","","","","","","","","","","","","","","","","","","","","","","","","","","","","","","","","","","","","","","","5gle8s9nn7","HEX Nut M8*1.25P",1.0,1.0,"Nos",0,1.0,1.0,1.0,"",1.0,0,0,"",1,1,"HEX Nut M8*1.25P","HEX Nut M8*1.25P","","","",1.0,"",0,1.0,"Nos","5gleq31gtt",0.0,0.0,1.0,0.0,"Punching",0,0.0,"",0.0,0.0,"Punching",1.0,"","",2,0,"","Corner Cutting, Punching, Folding and Blanking","","","","","","","","","","hv4flck1o9",0.026,"MS – 1.5MM Thk","",1,"MS – 1.5MM Thk","MS – 1.5MM Thk","",0.026,1.0,"",0,0.026,"Kg"
"BOM-Turbulator 0.2*300*96.0-001","Turbulator 0.2*300*96.0","Teksons Pvt Ltd",1.0,"","INR",1.0,"AL-PP-COMM-A018","Nos",1,1,0,1,"","","Valuation Rate","Standard Buying","",1.0,1,"Work Order","",0,0.0,0.0,0.0,0.0,0.03,0.0,0.0,0.03,0.0,0.03,0.03,"Turbulator 0.2*300*96.0","Turbulator for RAD 0.2*300*96.0",0,0,"",0,"bom-turbulator-0.2*300*96.0-001","","",0,1,"","","","","5glsq6d983","Aluminium Coil 0.2×300",0.029,1.0,"Kg",0,0.03,0.03,1.0,"",1.0,0,0,"",1,1,"Aluminium Coil 0.2×300","Aluminium Coil 0.2×300","","","",0.029,"",0,0.029,"Kg","5gl1ofkudb",0.0,0.0,1.0,0.0,"Turbu Forming & Cutting",0,0.0,"",0.0,0.0,"Turbu Forming",1.0,"","",1,0,"","Turbulator Forming and Cutting","","","","","","","","","","k7q9r9cqa1",0.029,"Aluminium Coil 0.2×300","",1,"Aluminium Coil 0.2×300","Aluminium Coil 0.2×300","",0.029,1.0,"",0,0.029,"Kg"
"BOM-Turbulator 0.2*250*96.0-001","Turbulator 0.2*250*96.0","Teksons Pvt Ltd",1.0,"","INR",1.0,"AL-PP-COMM-A019","Nos",1,1,0,1,"","","Valuation Rate","Standard Buying","INR",1.0,1,"Work Order","",0,0.0,0.0,0.0,0.0,0.02,0.0,0.0,0.02,0.0,0.02,0.02,"Turbulator 0.2*250*96.0","Turbulator 0.2*250*96.0",0,0,"",0,"bom-turbulator-0.2*250*96.0-001","","",0,1,"","","","","5gkrkn38bo","Aluminium Coil 0.2×250 Thk",0.024,1.0,"Kg",0,0.02,0.02,1.0,"",1.0,0,0,"",1,1,"Aluminium Coil 0.2×250 Thk","Aluminium Coil 0.2×250 Thk","","","",0.024,"",0,0.024,"Kg","5gk9kiuo4l",0.0,0.0,1.0,0.0,"Turbu Forming & Cutting",0,0.0,"",0.0,0.0,"Turbu Forming",1.0,"","",1,0,"","Turbulator Forming and Cutting","","","","","","","","","","ki9qgmitcs",0.024,"Aluminium Coil 0.2×250 Thk","",1,"Aluminium Coil 0.2×250 Thk","Aluminium Coil 0.2×250 Thk","",0.024,1.0,"",0,0.024,"Kg"
"BOM-Turbulator 0.3*300*44.5-001","Turbulator 0.3*300*44.5","Teksons Pvt Ltd",1.0,"","INR",1.0,"AL-PP-COMM-A010","Nos",1,1,0,1,"","","Valuation Rate","Standard Buying","INR",1.0,1,"Work Order","",0,0.0,0.0,0.0,0.0,0.02,0.0,0.0,0.02,0.0,0.02,0.02,"Turbulator 0.3*300*44.5","Turbulator for OC 0.3*300*44.5",0,0,"",0,"bom-turbulator-0.3*300*44.5-001","","",0,1,"","","","","5gkac3tqfr","Aluminium Coil 0.3×300MM",0.018,1.0,"Kg",0,0.02,0.02,1.0,"",1.0,0,0,"",1,1,"Aluminium Coil 0.3×300MM","Aluminium Coil 0.3×300MM","","","",0.018,"",0,0.018,"Kg","5gkif3crar",0.0,0.0,1.0,0.0,"Turbu Forming & Cutting",0,0.0,"",0.0,0.0,"Turbu Forming",1.0,"","",1,0,"","Turbulator Forming and Cutting","","","","","","","","","","krkib5h4mg",0.018,"Aluminium Coil 0.3×300MM","",1,"Aluminium Coil 0.3×300MM","Aluminium Coil 0.3×300MM","",0.018,1.0,"",0,0.018,"Kg"
"BOM-Tube sheet for RAD 0.6*110*1021-001","R215 RAD Tube Sheet 0.6*110*1021","Teksons Pvt Ltd",1.0,"","INR",1.0,"AL-PP-0398R-A01","Nos",1,1,0,1,"","","Valuation Rate","Standard Buying","INR",1.0,1,"Work Order","",0,0.0,0.0,0.0,0.0,0.18,0.0,0.0,0.18,0.0,0.18,0.18,"Tube sheet for RAD 0.6*110*1021","Tube sheet for RAD 0.6*110*1021",0,0,"",0,"bom-tube-sheet-for-rad-0.6*110*1021-001","","",0,1,"","","","","5gjpksbgs8","Aluminium Coil 0.6*110MM",0.184,1.0,"Kg",0,0.18,0.18,1.0,"",1.0,0,0,"",1,1,"Aluminium Coil 0.6*110MM Thk","Aluminium Coil 0.6*110MM","","","",0.184,"",0,0.184,"Kg","5gj0r2ar0n",0.0,0.0,1.0,0.0,"Tube Sheet Cutting",0,0.0,"",0.0,0.0,"Tube Sheet Cutting",1.0,"","",1,0,"","Cut To Length","","","","","","","","","","pvocm9abfj",0.184,"Aluminium Coil 0.6*110MM Thk","",1,"Aluminium Coil 0.6*110MM","Aluminium Coil 0.6*110MM","",0.184,1.0,"",0,0.184,"Kg"
"BOM-Tube Sheet for OC 0.7*110*1021-001","R215 OC Tube Sheet 0.7*110*1021","Teksons Pvt Ltd",1.0,"","INR",1.0,"AL-PP-0398OC-A01","Nos",1,1,0,1,"","","Valuation Rate","Standard Buying","INR",1.0,1,"Work Order","",0,0.0,0.0,0.0,0.0,0.22,0.0,0.0,0.22,0.0,0.22,0.22,"Tube Sheet for OC 0.7*110*1021","Tube Sheet for OC 0.7*110*1021",0,0,"",0,"bom-tube-sheet-for-oc-0.7*110*1021-001","","",0,1,"","","","","5gjabe7e0p","Aluminium Coil 0.7*110",0.215,1.0,"Kg",0,0.22,0.22,1.0,"",1.0,0,0,"",1,1,"Aluminium Coil 0.7*110","Aluminium Coil 0.7*110","","","",0.215,"",0,0.215,"Kg","5gjr7ba4uq",0.0,0.0,1.0,0.0,"Tube Sheet Cutting",0,0.0,"",0.0,0.0,"Tube Sheet Cutting",1.0,"","",1,0,"","Cut To Length","","","","","","","","","","omumbs20m6",0.215,"Aluminium Coil 0.7*110","",1,"Aluminium Coil 0.7*110","Aluminium Coil 0.7*110","",0.215,1.0,"",0,0.215,"Kg"
"BOM-R215 Tube Sheet For CAC 0.6*110*941-001","R215 Tube Sheet For CAC 0.6*110*941","Teksons Pvt Ltd",1.0,"","INR",1.0,"AL-PP-0398CAC-A01","Nos",1,1,0,1,"","","Valuation Rate","Standard Buying","INR",1.0,1,"Work Order","",0,0.0,0.0,0.0,0.0,0.17,0.0,0.0,0.17,0.0,0.17,0.17,"R215 Tube Sheet For CAC 0.6*110*941","Tube Sheet For CAC 0.6*110*941",0,0,"",0,"bom-r215-tube-sheet-for-cac-0.6*110*941-001","","",0,1,"","","","","5gjoed6dj9","Aluminium Coil 0.6*110MM",0.17,1.0,"Kg",0,0.17,0.17,1.0,"",1.0,0,0,"",1,1,"Aluminium Coil 0.6*110MM Thk","Aluminium Coil 0.6*110MM","","","",0.17,"",0,0.17,"Kg","5gjjosmvr0",0.0,0.0,1.0,0.0,"Tube Sheet Cutting",0,0.0,"",0.0,0.0,"Tube Sheet Cutting",1.0,"","",1,0,"","Cut To Length","","","","","","","","","","oahah9cu4o",0.17,"Aluminium Coil 0.6*110MM Thk","",1,"Aluminium Coil 0.6*110MM","Aluminium Coil 0.6*110MM","",0.17,1.0,"",0,0.17,"Kg"
"BOM-R215 Top Flyscreen Wire Mash 903X554-001","R215 Top Flyscreen Wire Mash 903X554","Teksons Pvt Ltd",1.0,"","INR",1.0,"AL-PP-0398C-G08","Nos",1,1,0,1,"","","Valuation Rate","Standard Buying","INR",1.0,1,"Work Order","",0,0.0,0.0,0.0,0.0,0.33,0.0,0.0,0.33,0.0,0.33,0.33,"R215 Top Flyscreen Wire Mesh 903X554","R215 Top Flyscreen Wire Mash 903X554",0,0,"",0,"bom-r215-top-flyscreen-wire-mash-903x554-001","","",0,1,"","","","","5gi87ht9lf","MS",0.33,1.0,"Kg",0,0.33,0.33,1.0,"",1.0,0,0,"",1,1,"MS","MS","","","",0.33,"",0,0.33,"Kg","5giu9p59cn",0.0,0.0,1.0,0.0,"Rolling & Cutting",0,0.0,"",0.0,0.0,"Rolling & Cutting",1.0,"","",1,0,"","Manual Rolling and Cutting","","","","","","","","","","igeh4t1ajc",0.33,"MS","",1,"MS","MS","",0.33,1.0,"",0,0.33,"Kg"
"BOM-R215 Top Flyscreen Covering Plate 910X30X1-001","R215 Top Flyscreen Covering Plate 910X30X1","Teksons Pvt Ltd",1.0,"","INR",1.0,"AL-PP-0398C-G07","Nos",1,1,0,1,"","","Valuation Rate","Standard Buying","INR",1.0,1,"Work Order","",0,0.0,0.0,0.0,0.0,0.21,0.0,0.0,0.21,0.0,0.21,0.21,"R215 Top Flyscreen Covering Plate 910X30X1","R215 Top Flyscreen Covering Plate 910X30X1",0,0,"",0,"bom-r215-top-flyscreen-covering-plate-910x30x1-001","","",0,1,"","","","","5gi1sj1oab","MS – 1 MM Thk",0.214,1.0,"Kg",0,0.21,0.21,1.0,"",1.0,0,0,"",1,1,"MS – 1 MM Thk","MS – 1 MM Thk","","","",0.214,"",0,0.214,"Kg","5gidd4qv18",0.0,0.0,1.0,0.0,"Shearing (W) Operation",0,0.0,"",0.0,0.0,"Shearing",1.0,"","",1,0,"","Shearing Machine","","","","","","","","","","f5rgusfeel",0.214,"MS – 1 MM Thk","",1,"MS – 1 MM Thk","MS – 1 MM Thk","",0.214,1.0,"",0,0.214,"Kg"
"BOM-R215 Top Flyscreen Center Plate 533X102-001","R215 Top Flyscreen Center Plate 533X102","Teksons Pvt Ltd",1.0,"","INR",1.0,"AL-PP-0398C-G05","Nos",1,1,0,1,"","","Valuation Rate","Standard Buying","INR",1.0,1,"Work Order","",0,0.0,0.0,0.0,0.0,0.08,0.0,0.0,0.08,0.0,0.08,0.08,"R215 Top Flyscreen Center Plate 533X102","R215 Top Flyscreen Center Plate 533X102",0,0,"",0,"bom-r215-top-flyscreen-center-plate-533x102-001","","",0,1,"","","","","5gij1r0ioo","MS – 2MM Thk",0.084,1.0,"Kg",0,0.08,0.08,1.0,"",1.0,0,0,"",1,1,"MS – 2MM Thk","MS – 2MM Thk","","","",0.084,"",0,0.084,"Kg","5giopdavjc",0.0,0.0,1.0,0.0,"Shearing (W) Operation",0,0.0,"",0.0,0.0,"Shearing",1.0,"","",1,0,"","Shearing Machine","","","","","","","","","","dmgqqd10k7",0.084,"MS – 2MM Thk","",1,"MS – 2MM Thk","MS – 2MM Thk","",0.084,1.0,"",0,0.084,"Kg"
"BOM-R215 Top Flyscreen Assembly-001","R215 Top Flyscreen Assembly","Teksons Pvt Ltd",1.0,"","INR",1.0,"AL-PP-0398C-H13","Nos",1,1,0,1,"","","Valuation Rate","Standard Buying","",1.0,1,"Work Order","",0,0.0,0.0,0.0,0.0,4.62,0.0,0.0,4.62,0.0,4.62,4.62,"R215 Top Flyscreen Assembly","Top Flyscreen Assembly",0,0,"",0,"bom-r215-top-flyscreen-assembly-001","","",0,1,"","","","","5gherhnf41","R215 Top Flyscreen Wire Mash 903X554",1.0,0.33,"Nos",0,0.33,0.33,0.33,"BOM-R215 Top Flyscreen Wire Mash 903X554-001",1.0,0,0,"",1,1,"R215 Top Flyscreen Wire Mash 903X554","R215 Top Flyscreen Wire Mesh 903X554","","","",1.0,"",0,1.0,"Nos","5ghlqv03b1",0.0,0.0,1.0,0.0,"Assembly",0,0.0,"",0.0,0.0,"Assembly",1.0,"","",1,0,"","RA Assembly","","","","","","","","","","lg5qr4ig8c",0.33,"MS","",1,"MS","MS","",0.33,1.0,"",0,0.33,"Kg"
"","","","","","","","","","","","","","","","","","","","","","","","","","","","","","","","","","","","","","","","","","","","","","","","","","5gh994t78v","U Piece Angle-1 for Flyscreen - 910(L)*15(W)*7(T)",2.0,1.0,"Nos",0,2.0,2.0,1.0,"",1.0,0,0,"",1,1,"U Piece Angle-1 910(L)*15(W)*7(T)","U Piece Angle-1 for Flyscreen - 910(L)*15(W)*7(T)","","","",2.0,"",0,2.0,"Nos","l9ngj5npd7",0.0,0.0,1.0,0.0,"Painting",0,0.0,"",0.0,0.0,"Painting",1.0,"","",2,0,"","RA Painting","","","","","","","","","","lg514jbd9o",0.064,"MS – 2MM Thk","",1,"MS – 2MM Thk","MS – 2MM Thk","",0.064,1.0,"",0,0.064,"Kg"
"","","","","","","","","","","","","","","","","","","","","","","","","","","","","","","","","","","","","","","","","","","","","","","","","","5gh9shok2h","U Piece Angle-2 for Flyscreen - 529(W)*15(H)*7(T)",2.0,1.0,"Nos",0,2.0,2.0,1.0,"",1.0,0,0,"",1,1,"U Piece Angle-2 529(W)*15(H)*7(T)","U Piece Angle-2 for Flyscreen - 529(W)*15(H)*7(T)","","","",2.0,"",0,2.0,"Nos","","","","","","","","","","","","","","","","","","","","","","","","","","","","","lg5u6vq85b",0.214,"MS – 1 MM Thk","",1,"MS – 1 MM Thk","MS – 1 MM Thk","",0.214,1.0,"",0,0.214,"Kg"
"","","","","","","","","","","","","","","","","","","","","","","","","","","","","","","","","","","","","","","","","","","","","","","","","","5ghb0k0ukg","R215 Top and Bottom Flyscreen Mounting Plate 35X30X2",4.0,0.02,"Nos",0,0.08,0.08,0.02,"BOM-R215 Top and Bottom Flyscreen Mounting Plate 35X30X2-001",1.0,0,0,"",1,1,"Top &amp; Bottom Flyscreen Mtg Plate 35X30X2","R215 Top and Bottom Flyscreen Mounting Plate 35X30X2","","","",4.0,"",0,4.0,"Nos","","","","","","","","","","","","","","","","","","","","","","","","","","","","","lg5pijicm7",2.0,"U Piece Angle-1 910(L)*15(W)*7(T)","",1,"U Piece Angle-1 for Flyscreen - 910(L)*15(W)*7(T)","U Piece Angle-1 for Flyscreen - 910(L)*15(W)*7(T)","",2.0,1.0,"",0,2.0,"Nos"
"","","","","","","","","","","","","","","","","","","","","","","","","","","","","","","","","","","","","","","","","","","","","","","","","","5ghttn2i9o","R215 Top Flyscreen Covering Plate 910X30X1",1.0,0.21,"Nos",0,0.21,0.21,0.21,"BOM-R215 Top Flyscreen Covering Plate 910X30X1-001",1.0,0,0,"",1,1,"R215 Top Flyscreen Covering Plate 910X30X1","R215 Top Flyscreen Covering Plate 910X30X1","","","",1.0,"",0,1.0,"Nos","","","","","","","","","","","","","","","","","","","","","","","","","","","","","lg57sml2rp",2.0,"U Piece Angle-2 529(W)*15(H)*7(T)","",1,"U Piece Angle-2 for Flyscreen - 529(W)*15(H)*7(T)","U Piece Angle-2 for Flyscreen - 529(W)*15(H)*7(T)","",2.0,1.0,"",0,2.0,"Nos"
"BOM-R215 Top Cover Assembly-001","R215 Top Cover Assembly","Teksons Pvt Ltd",1.0,"","INR",1.0,"AL-PP-0398C-O09","Nos",1,1,0,1,"","","Valuation Rate","Standard Buying","",1.0,1,"Work Order","",0,0.0,0.0,0.0,0.0,1.0,0.0,0.0,1.0,0.0,1.0,1.0,"R215 Top Cover Assembly","R215 Top Cover Assy",0,0,"",0,"bom-r215-top-cover-assembly-001","","",0,1,"","","","","5gh4fku3li","R215 Top Cover Assembly",1.0,1.0,"Nos",0,1.0,1.0,1.0,"",1.0,0,0,"",1,1,"R215 Top Cover Assy","R215 Top Cover Assembly","","","",1.0,"",0,1.0,"Nos","5ghlqtf4i2",0.0,0.0,1.0,0.0,"Painting",0,0.0,"",0.0,0.0,"Painting",1.0,"","",1,0,"","RA Painting","","","","","","","","","","f4lv42rg4g",1.0,"R215 Top Cover Assy","",1,"R215 Top Cover Assembly","R215 Top Cover Assembly","",1.0,1.0,"",0,1.0,"Nos"
"BOM-R215 Top and Bottom Flyscreen Mounting Plate 35X30X2-001","R215 Top and Bottom Flyscreen Mounting Plate 35X30X2","Teksons Pvt Ltd",1.0,"","INR",1.0,"AL-PP-0398C-G03","Nos",1,1,0,1,"","","Valuation Rate","Standard Buying","INR",1.0,1,"Work Order","",0,0.0,0.0,0.0,0.0,0.02,0.0,0.0,0.02,0.0,0.02,0.02,"R215 Top and Bottom Flyscreen Mounting Plate 35X30X2","Top &amp; Bottom Flyscreen Mtg Plate 35X30X2",0,0,"",0,"bom-r215-top-and-bottom-flyscreen-mounting-plate-35x30x2-001","","",0,1,"","","","","5ghab8p51k","MS – 2MM Thk",0.016,1.0,"Kg",0,0.02,0.02,1.0,"",1.0,0,0,"",1,1,"MS – 2MM Thk","MS – 2MM Thk","","","",0.016,"",0,0.016,"Kg","5gheg6pvnf",0.0,0.0,1.0,0.0,"Shearing (W) Operation",0,0.0,"",0.0,0.0,"Shearing",1.0,"","",1,0,"","Shearing Machine","","","","","","","","","","d1or9mb10v",0.016,"MS – 2MM Thk","",1,"MS – 2MM Thk","MS – 2MM Thk","",0.016,1.0,"",0,0.016,"Kg"
"","","","","","","","","","","","","","","","","","","","","","","","","","","","","","","","","","","","","","","","","","","","","","","","","","","","","","","","","","","","","","","","","","","","","","","","","","","","5ghucsshog",0.0,0.0,1.0,0.0,"Punching",0,0.0,"",0.0,0.0,"Punching",1.0,"","",2,0,"","Corner Cutting, Punching, Folding and Blanking","","","","","","","","","","","","","","","","","","","","","","",""
"BOM-Tank End Plate For Extrusion No 0073C-ALU-2-0008-001","Tank End Plate 96*62*8 For Extrusion No 0073C-ALU-2-0008","Teksons Pvt Ltd",9.0,"","INR",1.0,"AL-PP-COMM-M005","Nos",1,1,0,1,"","","Valuation Rate","Standard Buying","INR",1.0,1,"Work Order","",0,0.0,0.0,0.0,0.0,1.22,0.0,0.0,1.22,0.0,1.22,1.22,"Tank End Plate 96*62*8 For Extrusion No 0073C-ALU-2-0008","Tank End Plate For Extrusion No 0073C-ALU-2-0008",0,0,"",0,"bom-tank-end-plate-for-extrusion-no-0073c-alu-2-0008-001","","",0,1,"","","","","5ggruefkf5","Aluminium Plate 70*8*800MM",1.223,1.0,"Kg",0,1.22,1.22,1.0,"",1.0,0,0,"",1,1,"Aluminium Plate 70*8*800MM","Aluminium Plate 70*8*800MM","","","",0.135888889,"",0,1.223,"Kg","5gg1iojtvt",0.0,0.0,1.0,0.0,"Blanking",0,0.0,"",0.0,0.0,"Blanking",1.0,"","",1,0,"","Corner Cutting, Punching, Folding and Blanking","","","","","","","","","","bt62s203e9",1.223,"Aluminium Plate 70*8*800MM","",1,"Aluminium Plate 70*8*800MM","Aluminium Plate 70*8*800MM","",0.135888889,1.0,"",0,1.223,"Kg"
"BOM-Tank End Plate for Extrusion No 0239C-ALU-2-0001-001","Tank End Plate 101.5*96*5 for Extrusion No 0239C-ALU-2-0001","Teksons Pvt Ltd",6.0,"","INR",1.0,"AL-PP-COMM-M004","Nos",1,1,0,1,"","","Valuation Rate","Standard Buying","",1.0,1,"Work Order","",0,0.0,0.0,0.0,0.0,0.89,0.0,0.0,0.89,0.0,0.89,0.89,"Tank End Plate for Extrusion No 0239C-ALU-2-0001","Tank end plate for extrusion No  0239C-ALU-2-0001",0,0,"",0,"bom-tank-end-plate-for-extrusion-no-0239c-alu-2-0001-001","","",0,1,"","","","","5ggk5e0vtq","Tank End Plate 110×5*595MM",1.0,0.89,"Nos",0,0.89,0.89,0.89,"BOM-Tank End Plate 110×5*595MM-001",1.0,0,0,"",1,1,"Tank End Plate 110×5*595MM","Tank End Plate 110×5*595MM","","","",0.166666667,"",0,1.0,"Nos","5gg5gpf5qi",0.0,0.0,1.0,0.0,"Blanking",0,0.0,"",0.0,0.0,"Blanking",1.0,"","",1,0,"","Corner Cutting, Punching, Folding and Blanking","","","","","","","","","","tf6mam4sjp",0.894,"Aluminium Plate 110*5*2250MM","",1,"Aluminium Plate 110*5*2250MM","Aluminium Plate 110*5*2250MM","",0.149,1.0,"",0,0.894,"Kg"
"BOM-Tank End Plate 110×5*595MM-001","Tank End Plate 110×5*595MM","Teksons Pvt Ltd",1.0,"","INR",1.0,"AL-PP-COMM-M003 & M004","Nos",1,1,0,1,"","","Valuation Rate","Standard Buying","INR",1.0,1,"Work Order","",0,0.0,0.0,0.0,0.0,0.89,0.0,0.0,0.89,0.0,0.89,0.89,"Tank End Plate 110×5*595MM","Tank End Plate 110×5*595MM",0,0,"",0,"bom-tank-end-plate-110×5*595mm-001","","",0,1,"","","","","5gf7g6srq3","Aluminium Plate 110*5*2250MM",0.894,1.0,"Kg",0,0.89,0.89,1.0,"",1.0,0,0,"",1,1,"Aluminium Plate 110*5*2250MM","Aluminium Plate 110*5*2250MM","","","",0.894,"",0,0.894,"Kg","5gfgkgk8ns",0.0,0.0,1.0,0.0,"Size Cutting",0,0.0,"",0.0,0.0,"Size Cutting",1.0,"","",1,0,"","Accurate Cutting","","","","","","","","","","t0qvvbjrih",0.894,"Aluminium Plate 110*5*2250MM","",1,"Aluminium Plate 110*5*2250MM","Aluminium Plate 110*5*2250MM","",0.894,1.0,"",0,0.894,"Kg"
"BOM-Stay Block-001","Stay Block 50X25X150","Teksons Pvt Ltd",1.0,"","INR",1.0,"AL-PP-COMM-N008","Nos",1,1,0,1,"","","Valuation Rate","Standard Buying","INR",1.0,1,"Work Order","",0,0.0,0.0,0.0,0.0,1.51,0.0,0.0,1.51,0.0,1.51,1.51,"Stay Block 50X25X150","Stay Block 50X25X150",0,0,"",0,"bom-stay-block-001","","",0,1,"","","","","5gfku4p9ku","Aluminium Extrusion No 0.0318C-ALU-2-0034 (50*25*150)",0.512,1.0,"Kg",0,0.51,0.51,1.0,"",1.0,0,0,"",1,1,"Aluminium Extrusion No 0.0318C-ALU-2-0034 (50*25*150)","Aluminium Extrusion No 0.0318C-ALU-2-0034 (50*25*150)","","","",0.512,"",0,0.512,"Kg","5gf5crgjdh",0.0,0.0,1.0,0.0,"Size Cutting",0,0.0,"",0.0,0.0,"Size Cutting",1.0,"","",1,0,"","Accurate Cutting","","","","","","","","","","t1i89d3clj",0.512,"Aluminium Extrusion No 0.0318C-ALU-2-0034 (50*25*150)","",1,"Aluminium Extrusion No 0.0318C-ALU-2-0034 (50*25*150)","Aluminium Extrusion No 0.0318C-ALU-2-0034 (50*25*150)","",0.512,1.0,"",0,0.512,"Kg"
"","","","","","","","","","","","","","","","","","","","","","","","","","","","","","","","","","","","","","","","","","","","","","","","","","5gfvp8ec21","Helicoil Insert M 12 X 1.75 X 18Mm",1.0,1.0,"Nos",1,1.0,1.0,1.0,"",1.0,0,0,"",1,1,"Helicoil Insert M 12 X 1.75 X 18Mm","Helicoil Insert M 12 X 1.75 X 18Mm","","","",1.0,"",0,1.0,"Nos","5gfmoqjtrn",0.0,0.0,1.0,0.0,"Helicoil Inserting",0,0.0,"",0.0,0.0,"Helicoil Insert",1.0,"","",2,0,"","Helicoil & Tapping","","","","","","","","","","t1i1mrn8eh",1.0,"Helicoil Insert M 12 X 1.75 X 18Mm","",1,"Helicoil Insert M 12 X 1.75 X 18Mm","Helicoil Insert M 12 X 1.75 X 18Mm","",1.0,1.0,"",0,1.0,"Nos"
"BOM-R215 Spacer Bar for CAC 8*10*941-001","R215 Spacer Bar for CAC 8*10*941","Teksons Pvt Ltd",1.0,"","INR",1.0,"AL-PP-0398CAC-A06","Nos",1,1,0,1,"","","Valuation Rate","Standard Buying","INR",1.0,1,"Work Order","",0,0.0,0.0,0.0,0.0,0.21,0.0,0.0,0.21,0.0,0.21,0.21,"R215 Spacer Bar for CAC 8*10*941","Spacer Bar for CAC 8*10*941",0,0,"",0,"bom-r215-spacer-bar-for-cac-8*10*941-001","","",0,1,"","","","","5gffqtc6h7","Aluminium Spacer Bar ALU-STD-0028 (8*10)",0.206,1.0,"Kg",0,0.21,0.21,1.0,"",1.0,0,0,"",1,1,"Aluminium Spacer Bar ALU-STD-0028 (8*10)","Aluminium Spacer Bar ALU-STD-0028 (8*10)","","","",0.206,"",0,0.206,"Kg","5gf12fio23",0.0,0.0,1.0,0.0,"Bar Cutting",0,0.0,"",0.0,0.0,"Bar Cutting",1.0,"","",1,0,"Bar_Circular Saw Machine","Aluminium Bar Cutting","","","","","","","","","","ronkfsrlsa",0.206,"Aluminium Spacer Bar ALU-STD-0028 (8*10)","",1,"Aluminium Spacer Bar ALU-STD-0028 (8*10)","Aluminium Spacer Bar ALU-STD-0028 (8*10)","",0.206,1.0,"",0,0.206,"Kg"
"BOM-Radiator Drain Pipe-001","R215 Radiator Drain Pipe Od∅10 X 17 Lgx 3","Teksons Pvt Ltd",1.0,"","INR",1.0,"AL-PP-0398R-L04","Nos",1,1,0,1,"","","Valuation Rate","Standard Buying","",1.0,1,"Work Order","",0,0.0,0.0,0.0,0.0,0.0,0.0,0.0,0.0,0.0,0.0,0.0,"Radiator Drain Pipe","Radiator Drain Pipe",0,0,"",0,"bom-radiator-drain-pipe-001","","",0,1,"","","","","5gebt5kf11","Aluminium Pipe OD⌀10*ID⌀6*17L",1.0,0.0023,"Nos",0,0.0,0.0,0.0023,"",0.0023,0,0,"",1,1,"Aluminium Pipe OD⌀10*ID⌀6*17L","Aluminium Pipe OD⌀10*ID⌀6*17L","","","",0.002,"",0,0.0023,"Kg","5ge8udmp7q",0.0,0.0,1.0,0.0,"Cutting",0,0.0,"",0.0,0.0,"Cutting",1.0,"","",1,0,"","Weld_Manual Cutting","","","","","","","","","","d98ebf8qt9",0.0023,"Aluminium Pipe OD⌀10*ID⌀6*17L","",1,"Aluminium Pipe OD⌀10*ID⌀6*17L","Aluminium Pipe OD⌀10*ID⌀6*17L","",0.0023,1.0,"",0,0.0023,"Kg"
"BOM-Radiator-001","R215 RAD","Teksons Pvt Ltd",1.0,"","INR",1.0,"AL-PP-0398R-H20","Nos",1,1,0,1,"","","Valuation Rate","Standard Buying","",1.0,1,"Work Order","",0,0.0,0.0,0.0,0.0,42.23,0.0,0.0,42.23,0.0,42.23,42.23,"Radiator","Radiator",0,0,"",0,"bom-radiator-001","","",0,1,"","","","","5ge5hosho6","R215 RAD Core",1.0,24.29,"Nos",0,24.29,24.29,24.29,"BOM-R215 RAD Core-001",1.0,0,0,"",1,1,"Core Assembly for RAD","R215 RAD Core","","","",1.0,"",0,1.0,"Nos","5getds5h8p",0.0,0.0,1.0,0.0,"Tank To Core Tack Weld",0,0.0,"",0.0,0.0,"Tank To Core",1.0,"","",1,0,"","Mig Welding","","","","","","","","","","gmq42oi1tp",9.2,"Aluminium Coil 0.6*110MM Thk","",1,"Aluminium Coil 0.6*110MM","Aluminium Coil 0.6*110MM","",9.2,1.0,"",0,9.2,"Kg"
"","","","","","","","","","","","","","","","","","","","","","","","","","","","","","","","","","","","","","","","","","","","","","","","","","5ge8otahrf","Drain Plug",1.0,1.0,"Nos",0,1.0,1.0,1.0,"",1.0,0,0,"",1,1,"Drain Plug","Drain Plug","","","",1.0,"",0,1.0,"Nos","09ch5ougm0",0.0,0.0,1.0,0.0,"Angle Assembly",0,0.0,"",0.0,0.0,"Angle Assembly",1.0,"","",2,0,"","Mig Welding","","","","","","","","","","gmqhfit73v",2.1,"Aluminium Coil 0.3*110MM","",1,"Aluminium Coil 0.3*110MM","Aluminium Coil 0.3*110MM","",2.1,1.0,"",0,2.1,"Kg"
"","","","","","","","","","","","","","","","","","","","","","","","","","","","","","","","","","","","","","","","","","","","","","","","","","09ctqvp174","R215 RAD Bottom Tank Sub Assy",1.0,6.97,"Nos",0,6.97,6.97,6.97,"BOM-Rad Bottom Tank Sub Assy-002",1.0,0,0,"",1,1,"Rad Bottom Tank Sub Assy","Rad Bottom Tank Sub Assy","","","",1.0,"",0,1.0,"Nos","09cqevbuce",0.0,0.0,1.0,0.0,"Leak Testing (Wet)",0,0.0,"",0.0,0.0,"Leak Testing",1.0,"","",3,0,"","Leak Test","","","","","","","","","","gmq3hnjk79",4.389,"Aluminium Coil 0.2*110","",1,"Aluminium Coil 0.2*110","Aluminium Coil 0.2*110","",4.389,1.0,"",0,4.389,"Kg"
"","","","","","","","","","","","","","","","","","","","","","","","","","","","","","","","","","","","","","","","","","","","","","","","","","09ckcc21lj","R215 RAD Top Tank Sub Assy",1.0,8.97,"Nos",0,8.97,8.97,8.97,"BOM-R215 RAD Top Tank Sub Assy-001",1.0,0,0,"",1,1,"RAD Top Tank Sub Assy","RAD Top Tank Sub Assy","","","",1.0,"",0,1.0,"Nos","","","","","","","","","","","","","","","","","","","","","","","","","","","","","gmq9hho7bh",2.832,"Aluminium Extruded Bar (ALU-STD-0043)(3*7)","",1,"Aluminium Extruded Bar (ALU-STD-0043)(3*7)","Aluminium Extruded Bar (ALU-STD-0043)(3*7)","",2.832,1.0,"",0,2.832,"Kg"
"","","","","","","","","","","","","","","","","","","","","","","","","","","","","","","","","","","","","","","","","","","","","","","","","","09cf55gnin","RAD Drain Bush",1.0,1.0,"Nos",0,1.0,1.0,1.0,"",1.0,0,0,"",1,1,"RAD Drain Bush","RAD Drain Bush","","","",1.0,"",0,1.0,"Nos","","","","","","","","","","","","","","","","","","","","","","","","","","","","","gmqp68asgf",2.088,"Aluminium Coil 0.2×300","",1,"Aluminium Coil 0.2×300","Aluminium Coil 0.2×300","",2.088,1.0,"",0,2.088,"Kg"
"","","","","","","","","","","","","","","","","","","","","","","","","","","","","","","","","","","","","","","","","","","","","","","","","","09cu6auq0o","R215 Radiator Drain Pipe Od∅10 X 17 Lgx 3",1.0,0.0,"Nos",0,0.0,0.0,0.0,"BOM-Radiator Drain Pipe-001",1.0,0,0,"",1,1,"Radiator Drain Pipe","Radiator Drain Pipe","","","",1.0,"",0,1.0,"Nos","","","","","","","","","","","","","","","","","","","","","","","","","","","","","gmqjjtlc9q",0.288,"Aluminium Coil 0.2×250 Thk","",1,"Aluminium Coil 0.2×250 Thk","Aluminium Coil 0.2×250 Thk","",0.288,1.0,"",0,0.288,"Kg"
"","","","","","","","","","","","","","","","","","","","","","","","","","","","","","","","","","","","","","","","","","","","","","","","","","","","","","","","","","","","","","","","","","","","","","","","","","","","","","","","","","","","","","","","","","","","","","","","","","","","","","","","gmqu37inka",1.534,"Aluminium Sheet 2.5MM Thk Without Cladded","",1,"Aluminium Sheet 2.5MM Thk Without Cladded","Aluminium Sheet 2.5MM Thk Without Cladded","",1.534,1.0,"",0,1.534,"Kg"
"","","","","","","","","","","","","","","","","","","","","","","","","","","","","","","","","","","","","","","","","","","","","","","","","","","","","","","","","","","","","","","","","","","","","","","","","","","","","","","","","","","","","","","","","","","","","","","","","","","","","","","","gmqbghfgai",2.15,"Aluminium Spacer Bar ( ALU STD 0061 ) ( 9.5*15 )","",1,"Aluminium Spacer Bar ( ALU STD 0061 ) ( 9.5*15 )","Aluminium Spacer Bar ( ALU STD 0061 ) ( 9.5*15 )","",2.15,1.0,"",0,2.15,"Kg"
"","","","","","","","","","","","","","","","","","","","","","","","","","","","","","","","","","","","","","","","","","","","","","","","","","","","","","","","","","","","","","","","","","","","","","","","","","","","","","","","","","","","","","","","","","","","","","","","","","","","","","","","gmq1sd7k4t",0.36,"Aluminium Pipe 48.6*5MM Thk","",1,"Aluminium Pipe 48.6*5MM Thk","Aluminium Pipe 48.6*5MM Thk","",0.36,1.0,"",0,0.36,"Kg"
"","","","","","","","","","","","","","","","","","","","","","","","","","","","","","","","","","","","","","","","","","","","","","","","","","","","","","","","","","","","","","","","","","","","","","","","","","","","","","","","","","","","","","","","","","","","","","","","","","","","","","","","gmqadmfgiq",4.9,"Aluminium Extrusion No 0253OC-ALU-2-0005 70(H)*113(W)*7.5(T)*345LG","",1,"Aluminium Extrusion No 0253OC-ALU-2-0005 70(H)*113(W)*7.5(T)*345LG","Aluminium Extrusion No 0253OC-ALU-2-0005 70(H)*113(W)*7.5(T)*345LG","",4.9,1.0,"",0,4.9,"Kg"
"","","","","","","","","","","","","","","","","","","","","","","","","","","","","","","","","","","","","","","","","","","","","","","","","","","","","","","","","","","","","","","","","","","","","","","","","","","","","","","","","","","","","","","","","","","","","","","","","","","","","","","","gmq0oh7emh",0.0023,"Aluminium Pipe OD⌀10*ID⌀6*17L","",1,"Aluminium Pipe OD⌀10*ID⌀6*17L","Aluminium Pipe OD⌀10*ID⌀6*17L","",0.0023,1.0,"",0,0.0023,"Kg"
"","","","","","","","","","","","","","","","","","","","","","","","","","","","","","","","","","","","","","","","","","","","","","","","","","","","","","","","","","","","","","","","","","","","","","","","","","","","","","","","","","","","","","","","","","","","","","","","","","","","","","","","gmqtbsh2ac",1.0,"Drain Plug","",1,"Drain Plug","Drain Plug","",1.0,1.0,"",0,1.0,"Nos"
"","","","","","","","","","","","","","","","","","","","","","","","","","","","","","","","","","","","","","","","","","","","","","","","","","","","","","","","","","","","","","","","","","","","","","","","","","","","","","","","","","","","","","","","","","","","","","","","","","","","","","","","gmq91j6ab5",1.0,"Filler Neck Over Flow Pipe","",1,"Filler Neck Over Flow Pipe","Filler Neck Over Flow Pipe","",1.0,1.0,"",0,1.0,"Nos"
"","","","","","","","","","","","","","","","","","","","","","","","","","","","","","","","","","","","","","","","","","","","","","","","","","","","","","","","","","","","","","","","","","","","","","","","","","","","","","","","","","","","","","","","","","","","","","","","","","","","","","","","gmq6oakncj",1.0,"Filler Neck 14PSI","",1,"Filler Neck 14PSI","Filler Neck 14PSI","",1.0,1.0,"",0,1.0,"Nos"
"","","","","","","","","","","","","","","","","","","","","","","","","","","","","","","","","","","","","","","","","","","","","","","","","","","","","","","","","","","","","","","","","","","","","","","","","","","","","","","","","","","","","","","","","","","","","","","","","","","","","","","","gmqm95otfs",8.0,"Helicoil Insert","",1,"Helicoil Insert M10 X 1.5 X 15 Mm","Helicoil Insert","",8.0,1.0,"",0,8.0,"Nos"
"","","","","","","","","","","","","","","","","","","","","","","","","","","","","","","","","","","","","","","","","","","","","","","","","","","","","","","","","","","","","","","","","","","","","","","","","","","","","","","","","","","","","","","","","","","","","","","","","","","","","","","","gmqc3ppei0",1.0,"RAD Drain Bush","",1,"RAD Drain Bush","RAD Drain Bush","",1.0,1.0,"",0,1.0,"Nos"
"","","","","","","","","","","","","","","","","","","","","","","","","","","","","","","","","","","","","","","","","","","","","","","","","","","","","","","","","","","","","","","","","","","","","","","","","","","","","","","","","","","","","","","","","","","","","","","","","","","","","","","","gmq0va7lds",0.666666666,"Tank end plate for Extrusion no 0253OC-ALU-2-0005","",1,"Tank End Plate 70*5*595","Tank End Plate 70*5*595","",0.666666666,1.0,"",0,0.666666666,"Nos"
"BOM-RAD Top Tank-001","R215 RAD Top Tank","Teksons Pvt Ltd",1.0,"","INR",1.0,"AL-PP-0398R-E04","Nos",1,1,0,1,"","","Valuation Rate","Standard Buying","",1.0,1,"Work Order","",0,0.0,0.0,0.0,0.0,6.45,0.0,0.0,6.45,0.0,6.45,6.45,"RAD Top Tank","RAD Top Tank",0,0,"",0,"bom-rad-top-tank-001","","",0,1,"","","","","5gd1rqg8on","Helicoil Insert M10 X 1.5 X 15 Mm",4.0,1.0,"Nos",0,4.0,4.0,1.0,"",1.0,0,0,"",1,1,"Helicoil Insert","Helicoil Insert","","","",4.0,"",0,4.0,"Nos","5gde830r3f",0.0,0.0,1.0,0.0,"Helicoil Inserting",0,0.0,"",0.0,0.0,"Helicoil Insert",1.0,"","",1,0,"","Helicoil & Tapping","","","","","","","","","","e1sk0tfrnm",2.45,"Aluminium Extrusion No 0253OC-ALU-2-0005 70(H)*113(W)*7.5(T)*345LG","",1,"Aluminium Extrusion No 0253OC-ALU-2-0005 70(H)*113(W)*7.5(T)*345LG","Aluminium Extrusion No 0253OC-ALU-2-0005 70(H)*113(W)*7.5(T)*345LG","",2.45,1.0,"",0,2.45,"Kg"
"","","","","","","","","","","","","","","","","","","","","","","","","","","","","","","","","","","","","","","","","","","","","","","","","","5gdb2pl2sr","R215 RAD Top and Bottom Tank",1.0,2.45,"Nos",0,2.45,2.45,2.45,"BOM-R215 RAD Top and Bottom Tank-001",1.0,0,0,"",1,1,"RAD Top &amp; Bottom Tank","RAD Top & Bottom Tank","","","",1.0,"",0,1.0,"Nos","","","","","","","","","","","","","","","","","","","","","","","","","","","","","e1sr30mjj4",4.0,"Helicoil Insert","",1,"Helicoil Insert M10 X 1.5 X 15 Mm","Helicoil Insert","",4.0,1.0,"",0,4.0,"Nos"
"BOM-RAD Inlet and Outlet Pipe-001","R215 RAD Inlet and Outlet Pipe","Teksons Pvt Ltd",1.0,"","INR",1.0,"AL-PP-0398R-L03","Nos",1,1,0,1,"","","Valuation Rate","Standard Buying","INR",1.0,1,"Work Order","",0,0.0,0.0,0.0,0.0,0.18,0.0,0.0,0.18,0.0,0.18,0.18,"RAD Inlet and Outlet Pipe","RAD Inlet and Outlet Pipe",0,0,"",0,"bom-rad-inlet-and-outlet-pipe-001","","",0,1,"","","","","5gclpee5sb","Aluminium Pipe 48.6*5MM Thk",0.18,1.0,"Kg",0,0.18,0.18,1.0,"",1.0,0,0,"",1,1,"Aluminium Pipe 48.6*5MM Thk","Aluminium Pipe 48.6*5MM Thk","","","",0.18,"",0,0.18,"Kg","5gcphd4ut6",0.0,0.0,1.0,0.0,"Cutting",0,0.0,"",0.0,0.0,"Cutting",1.0,"","",1,0,"","Weld_Manual Cutting","","","","","","","","","","f5vghdgque",0.18,"Aluminium Pipe 48.6*5MM Thk","",1,"Aluminium Pipe 48.6*5MM Thk","Aluminium Pipe 48.6*5MM Thk","",0.18,1.0,"",0,0.18,"Kg"
"BOM-R215 OC and RAD Core End Plate2.5X110X1021-001","R215 OC and RAD Core End Plate2.5X110X1021","Teksons Pvt Ltd",1.0,"","INR",1.0,"AL-PP-0398C-C02","Nos",1,1,0,1,"","","Valuation Rate","Standard Buying","INR",1.0,1,"Work Order","",0,0.0,0.0,0.0,0.0,0.77,0.0,0.0,0.77,0.0,0.77,0.77,"R215 OC and RAD Core End Plate2.5X110X1021","R215 Core End Plate For OC &amp; RAD 2.5X110X1021",0,0,"",0,"bom-r215-oc-and-rad-core-end-plate2.5x110x1021-001","","",0,1,"","","","","5gbnmssefe","Aluminium Sheet 2.5MM Thk Without Cladded",0.767,1.0,"Kg",0,0.77,0.77,1.0,"",1.0,0,0,"",1,1,"Aluminium Sheet 2.5MM Thk Without Cladded","Aluminium Sheet 2.5MM Thk Without Cladded","","","",0.767,"",0,0.767,"Kg","5gb52td0rc",0.0,0.0,1.0,0.0,"Shearing (W) Operation",0,0.0,"",0.0,0.0,"Shearing",1.0,"","",1,0,"","Shearing Machine","","","","","","","","","","4i29gln1tl",0.767,"Aluminium Sheet 2.5MM Thk Without Cladded","",1,"Aluminium Sheet 2.5MM Thk Without Cladded","Aluminium Sheet 2.5MM Thk Without Cladded","",0.767,1.0,"",0,0.767,"Kg"
"BOM-Oil Cooler-001","R215 OC","Teksons Pvt Ltd",1.0,"","INR",1.0,"AL-PP-0398OC-H21","Nos",1,1,0,1,"","","Valuation Rate","Standard Buying","",1.0,1,"Work Order","",0,0.0,0.0,0.0,0.0,69.93,0.0,0.0,69.93,0.0,69.93,69.93,"Oil Cooler","Oil Cooler",0,0,"",0,"bom-oil-cooler-001","","",0,1,"","","","","5gbt9qprdr","Drain Plug",1.0,1.0,"Nos",0,1.0,1.0,1.0,"",1.0,0,0,"",1,1,"Drain Plug","Drain Plug","","","",1.0,"",0,1.0,"Nos","5gbepq9p63",0.0,0.0,1.0,0.0,"Tank To Core Tack Weld",0,0.0,"",0.0,0.0,"Tank To Core",1.0,"","",1,0,"","Mig Welding","","","","","","","","","","gf8q42ccap",1.0,"Aluminium Bush 6063 Hyundai 8","",1,"0261Oc-Alu-2-004","Aluminium Bush 6063 Hyundai 8","",1.0,1.0,"",0,1.0,"Nos"
"","","","","","","","","","","","","","","","","","","","","","","","","","","","","","","","","","","","","","","","","","","","","","","","","","5gbq5qg8fs","R215 OC Core",1.0,34.88,"Nos",0,34.88,34.88,34.88,"BOM-R215 OC Core-001",1.0,0,0,"",1,1,"Core Assembly for OC","R215 OC Core","","","",1.0,"",0,1.0,"Nos","5gbs297gvg",0.0,0.0,1.0,0.0,"Angle Assembly",0,0.0,"",0.0,0.0,"Angle Assembly",1.0,"","",2,0,"","Mig Welding","","","","","","","","","","gf8qo61k2o",4.602,"Aluminium Extruded Bar (ALU-STD-0043)(3*7)","",1,"Aluminium Extruded Bar (ALU-STD-0043)(3*7)","Aluminium Extruded Bar (ALU-STD-0043)(3*7)","",4.602,1.0,"",0,4.602,"Kg"
"","","","","","","","","","","","","","","","","","","","","","","","","","","","","","","","","","","","","","","","","","","","","","","","","","5gbf76mb5u","Rubber Seal",1.0,1.0,"Nos",0,1.0,1.0,1.0,"",1.0,0,0,"",1,1,"Rubber Seal","Rubber Seal","","","",1.0,"",0,1.0,"Nos","5gbtknkncm",0.0,0.0,1.0,0.0,"Leak Testing (Wet)",0,0.0,"",0.0,0.0,"Leak Testing",1.0,"","",3,0,"","Leak Test","","","","","","","","","","gf8pos936d",2.808,"Aluminium Coil 0.3×300MM","",1,"Aluminium Coil 0.3×300MM","Aluminium Coil 0.3×300MM","",2.808,1.0,"",0,2.808,"Kg"
"","","","","","","","","","","","","","","","","","","","","","","","","","","","","","","","","","","","","","","","","","","","","","","","","","m4qhuv07sf","R215 OC Bottom Tank Sub Assy",1.0,10.39,"Nos",0,10.39,10.39,10.39,"BOM-OC Bottom Tank Sub Assy-001",1.0,0,0,"",1,1,"OC Bottom Tank Sub Assy","OC Bottom Tank Sub Assy","","","",1.0,"",0,1.0,"Nos","","","","","","","","","","","","","","","","","","","","","","","","","","","","","gf80gmlmqf",9.45,"Aluminium Coil 0.3*110MM","",1,"Aluminium Coil 0.3*110MM","Aluminium Coil 0.3*110MM","",9.45,1.0,"",0,9.45,"Kg"
"","","","","","","","","","","","","","","","","","","","","","","","","","","","","","","","","","","","","","","","","","","","","","","","","","m4q5iklhkr","R215 OC Top Tank Sub Assy",1.0,9.39,"Nos",0,9.39,9.39,9.39,"BOM-OC Top Tank Sub Assy-001",1.0,0,0,"",1,1,"OC Top Tank Sub Assy","OC Top Tank Sub Assy","","","",1.0,"",0,1.0,"Nos","","","","","","","","","","","","","","","","","","","","","","","","","","","","","gf8vgh1b38",2.3,"Aluminium Sheet 5MM Thk","",1,"Aluminium Sheet 5MM Thk","Aluminium Sheet 5MM Thk","",2.3,1.0,"",0,2.3,"Kg"
"","","","","","","","","","","","","","","","","","","","","","","","","","","","","","","","","","","","","","","","","","","","","","","","","","m4q40f8s57","OC Inlet & Outlet Block 101X66X30",2.0,4.49,"Nos",0,8.98,8.98,4.49,"BOM-OC Inlet & Outlet Block 101X66X30-001",1.0,0,0,"",1,1,"R215 O.C. Inlet &amp; Outlet Block 101X66X33","OC Inlet & Outlet Block 101X66X30","","","",2.0,"",0,2.0,"Nos","","","","","","","","","","","","","","","","","","","","","","","","","","","","","gf8vc53rpe",0.767,"Aluminium Sheet 2.5MM Thk Without Cladded","",1,"Aluminium Sheet 2.5MM Thk Without Cladded","Aluminium Sheet 2.5MM Thk Without Cladded","",0.767,1.0,"",0,0.767,"Kg"
"","","","","","","","","","","","","","","","","","","","","","","","","","","","","","","","","","","","","","","","","","","","","","","","","","m4q2ai8k7o","Condenser Mounting Block 31X19X25",2.0,1.39,"Nos",0,2.78,2.78,1.39,"BOM-Condenser Mounting Block-001",1.0,0,0,"",1,1,"Condenser Mtg. Block 31X19X25","Condenser Mtg. Block 31X19X25","","","",2.0,"",0,2.0,"Nos","","","","","","","","","","","","","","","","","","","","","","","","","","","","","gf8msl5jou",2.322,"Aluminium Spacer Bar ( ALU STD 0061 ) ( 9.5*15 )","",1,"Aluminium Spacer Bar ( ALU STD 0061 ) ( 9.5*15 )","Aluminium Spacer Bar ( ALU STD 0061 ) ( 9.5*15 )","",2.322,1.0,"",0,2.322,"Kg"
"","","","","","","","","","","","","","","","","","","","","","","","","","","","","","","","","","","","","","","","","","","","","","","","","","m4q6aqvqu3","Stay Block 50X25X150",1.0,1.51,"Nos",0,1.51,1.51,1.51,"BOM-Stay Block-001",1.0,0,0,"",1,1,"Stay Block 50X25X150","Stay Block 50X25X150","","","",1.0,"",0,1.0,"Nos","","","","","","","","","","","","","","","","","","","","","","","","","","","","","gf8tu69767",0.39,"Aluminium Coil 0.3×250MM","",1,"Aluminium Coil 0.3×250MM","Aluminium Coil 0.3×250MM","",0.39,1.0,"",0,0.39,"Kg"
"","","","","","","","","","","","","","","","","","","","","","","","","","","","","","","","","","","","","","","","","","","","","","","","","","","","","","","","","","","","","","","","","","","","","","","","","","","","","","","","","","","","","","","","","","","","","","","","","","","","","","","","gf8631a7n8",11.61,"Aluminium Coil 0.7*110","",1,"Aluminium Coil 0.7*110","Aluminium Coil 0.7*110","",11.61,1.0,"",0,11.61,"Kg"
"","","","","","","","","","","","","","","","","","","","","","","","","","","","","","","","","","","","","","","","","","","","","","","","","","","","","","","","","","","","","","","","","","","","","","","","","","","","","","","","","","","","","","","","","","","","","","","","","","","","","","","","gf834stfis",0.543555556,"Aluminium Plate 70*8*800MM","",1,"Aluminium Plate 70*8*800MM","Aluminium Plate 70*8*800MM","",0.543555556,1.0,"",0,0.543555556,"Kg"
"","","","","","","","","","","","","","","","","","","","","","","","","","","","","","","","","","","","","","","","","","","","","","","","","","","","","","","","","","","","","","","","","","","","","","","","","","","","","","","","","","","","","","","","","","","","","","","","","","","","","","","","gf8a98ink0",6.22,"Aluminium Extrusion No 0073C-ALU-2-0008 70(H)*113(W)*7.5(T)*377LG","",1,"Aluminium Extrusion No 0073C-ALU-2-0008 70(H)*113(W)*7.5(T)*377LG","Aluminium Extrusion No 0073C-ALU-2-0008 70(H)*113(W)*7.5(T)*377LG","",6.22,1.0,"",0,6.22,"Kg"
"","","","","","","","","","","","","","","","","","","","","","","","","","","","","","","","","","","","","","","","","","","","","","","","","","","","","","","","","","","","","","","","","","","","","","","","","","","","","","","","","","","","","","","","","","","","","","","","","","","","","","","","gf8plffoli",0.974,"Aluminium Extrusion No 398C-ALU-2-0027 ( 101*66*33 )","",1,"Aluminium Extrusion No 398C-ALU-2-0027 ( 101*66*33 )","Aluminium Extrusion No 398C-ALU-2-0027 ( 101*66*33 )","",0.974,1.0,"",0,0.974,"Kg"
"","","","","","","","","","","","","","","","","","","","","","","","","","","","","","","","","","","","","","","","","","","","","","","","","","","","","","","","","","","","","","","","","","","","","","","","","","","","","","","","","","","","","","","","","","","","","","","","","","","","","","","","gf8qafjpp2",0.786,"Aluminium Extrusion No 0.0318C-ALU-2-0033 (31*19*25)","",1,"Aluminium Extrusion No 0.0318C-ALU-2-0033 (31*19*25)","Aluminium Extrusion No 0.0318C-ALU-2-0033 (31*19*25)","",0.786,1.0,"",0,0.786,"Kg"
"","","","","","","","","","","","","","","","","","","","","","","","","","","","","","","","","","","","","","","","","","","","","","","","","","","","","","","","","","","","","","","","","","","","","","","","","","","","","","","","","","","","","","","","","","","","","","","","","","","","","","","","gf896eems2",0.512,"Aluminium Extrusion No 0.0318C-ALU-2-0034 (50*25*150)","",1,"Aluminium Extrusion No 0.0318C-ALU-2-0034 (50*25*150)","Aluminium Extrusion No 0.0318C-ALU-2-0034 (50*25*150)","",0.512,1.0,"",0,0.512,"Kg"
"","","","","","","","","","","","","","","","","","","","","","","","","","","","","","","","","","","","","","","","","","","","","","","","","","","","","","","","","","","","","","","","","","","","","","","","","","","","","","","","","","","","","","","","","","","","","","","","","","","","","","","","gf8hj80sls",1.0,"Drain Plug","",1,"Drain Plug","Drain Plug","",1.0,1.0,"",0,1.0,"Nos"
"","","","","","","","","","","","","","","","","","","","","","","","","","","","","","","","","","","","","","","","","","","","","","","","","","","","","","","","","","","","","","","","","","","","","","","","","","","","","","","","","","","","","","","","","","","","","","","","","","","","","","","","gf87r45180",20.0,"Helicoil Insert","",1,"Helicoil Insert M10 X 1.5 X 15 Mm","Helicoil Insert","",20.0,1.0,"",0,20.0,"Nos"
"","","","","","","","","","","","","","","","","","","","","","","","","","","","","","","","","","","","","","","","","","","","","","","","","","","","","","","","","","","","","","","","","","","","","","","","","","","","","","","","","","","","","","","","","","","","","","","","","","","","","","","","gf8tpjfp5l",2.0,"Helicoil Insert M8 X 1.25 X 16Mm (2 D)","",1,"Helicoil Insert M8 X 1.25 X 16Mm (2 D)","Helicoil Insert M8 X 1.25 X 16Mm (2 D)","",2.0,1.0,"",0,2.0,"Nos"
"","","","","","","","","","","","","","","","","","","","","","","","","","","","","","","","","","","","","","","","","","","","","","","","","","","","","","","","","","","","","","","","","","","","","","","","","","","","","","","","","","","","","","","","","","","","","","","","","","","","","","","","gf8lito90s",1.0,"Helicoil Insert M 12 X 1.75 X 18Mm","",1,"Helicoil Insert M 12 X 1.75 X 18Mm","Helicoil Insert M 12 X 1.75 X 18Mm","",1.0,1.0,"",0,1.0,"Nos"
"","","","","","","","","","","","","","","","","","","","","","","","","","","","","","","","","","","","","","","","","","","","","","","","","","","","","","","","","","","","","","","","","","","","","","","","","","","","","","","","","","","","","","","","","","","","","","","","","","","","","","","","gf89dalmc4",1.0,"Rubber Seal","",1,"Rubber Seal","Rubber Seal","",1.0,1.0,"",0,1.0,"Nos"
"BOM-OC Top Tank Sub Assy-001","R215 OC Top Tank Sub Assy","Teksons Pvt Ltd",1.0,"","INR",1.0,"AL-PP-0398OC-H09","Nos",1,1,0,1,"","","Valuation Rate","Standard Buying","",1.0,1,"Work Order","",0,0.0,0.0,0.0,0.0,9.39,0.0,0.0,9.39,0.0,9.39,9.39,"OC Top Tank Sub Assy","OC Top Tank Sub Assy",0,0,"",0,"bom-oc-top-tank-sub-assy-001","","",0,1,"","","","","5gad5129ej","Tank End Plate 96*62*8 For Extrusion No 0073C-ALU-2-0008",2.0,0.135555556,"Nos",0,0.28,0.28,0.135555556,"BOM-Tank End Plate For Extrusion No 0073C-ALU-2-0008-001",1.0,0,0,"",1,1,"Tank End Plate For Extrusion No 0073C-ALU-2-0008","Tank End Plate For Extrusion No 0073C-ALU-2-0008","","","",2.0,"",0,2.0,"Nos","5gafot14jo",0.0,0.0,1.0,0.0,"Tank Assembly",0,0.0,"",0.0,0.0,"Tank Assembly",1.0,"","",1,0,"","Mig Welding","","","","","","","","","","cqrg9aesn0",0.271777778,"Aluminium Plate 70*8*800MM","",1,"Aluminium Plate 70*8*800MM","Aluminium Plate 70*8*800MM","",0.271777778,1.0,"",0,0.271777778,"Kg"
"","","","","","","","","","","","","","","","","","","","","","","","","","","","","","","","","","","","","","","","","","","","","","","","","","5gai04gf65","R215 OC Top Tank",1.0,9.11,"Nos",0,9.11,9.11,9.11,"BOM-R215 OC Top Tank-002",1.0,0,0,"",1,1,"OC Top Tank","R215 OC Top Tank","","","",1.0,"",0,1.0,"Nos","","","","","","","","","","","","","","","","","","","","","","","","","","","","","cqr9al2imc",3.11,"Aluminium Extrusion No 0073C-ALU-2-0008 70(H)*113(W)*7.5(T)*377LG","",1,"Aluminium Extrusion No 0073C-ALU-2-0008 70(H)*113(W)*7.5(T)*377LG","Aluminium Extrusion No 0073C-ALU-2-0008 70(H)*113(W)*7.5(T)*377LG","",3.11,1.0,"",0,3.11,"Kg"
"","","","","","","","","","","","","","","","","","","","","","","","","","","","","","","","","","","","","","","","","","","","","","","","","","","","","","","","","","","","","","","","","","","","","","","","","","","","","","","","","","","","","","","","","","","","","","","","","","","","","","","","cqr9boadqk",6.0,"Helicoil Insert","",1,"Helicoil Insert M10 X 1.5 X 15 Mm","Helicoil Insert","",6.0,1.0,"",0,6.0,"Nos"
"BOM-R215 OC Top & Bottom Tank 70x113x7.5x377LG-001","R215 OC Top & Bottom Tank 70x113x7.5x377LG","Teksons Pvt Ltd",1.0,"","INR",1.0,"AL-PP-0398OC-E01","Nos",1,1,0,1,"","","Valuation Rate","Standard Buying","",1.0,1,"Work Order","",0,0.0,0.0,0.0,0.0,3.11,0.0,0.0,3.11,0.0,3.11,3.11,"R215 OC Top & Bottom Tank 70x113x7.5x377LG","OC Top &amp; Bottom Tank",0,0,"",0,"bom-r215-oc-top-&-bottom-tank-70x113x7.5x377lg-001","","",0,1,"","","","","5g98t63snr","Aluminium Extrusion No 0073C-ALU-2-0008 70(H)*113(W)*7.5(T)*377LG",3.11,1.0,"Kg",0,3.11,3.11,1.0,"",1.0,0,0,"",1,1,"Aluminium Extrusion No 0073C-ALU-2-0008 70(H)*113(W)*7.5(T)*377LG","Aluminium Extrusion No 0073C-ALU-2-0008 70(H)*113(W)*7.5(T)*377LG","","","",3.11,"",0,3.11,"Kg","5g97c6u4eg",0.0,0.0,1.0,0.0,"Size Cutting",0,0.0,"",0.0,0.0,"Size Cutting",1.0,"","",1,0,"","Accurate Cutting","","","","","","","","","","t2gmi4nkog",3.11,"Aluminium Extrusion No 0073C-ALU-2-0008 70(H)*113(W)*7.5(T)*377LG","",1,"Aluminium Extrusion No 0073C-ALU-2-0008 70(H)*113(W)*7.5(T)*377LG","Aluminium Extrusion No 0073C-ALU-2-0008 70(H)*113(W)*7.5(T)*377LG","",3.11,1.0,"",0,3.11,"Kg"
"","","","","","","","","","","","","","","","","","","","","","","","","","","","","","","","","","","","","","","","","","","","","","","","","","","","","","","","","","","","","","","","","","","","","","","","","","","","sso2kc3l4r",0.0,0.0,1.0,0.0,"Drilling & Boring",0,0.0,"",0.0,0.0,"Drilling & Boring",1.0,"","",2,0,"","Drilling, Boring and Milling","","","","","","","","","","","","","","","","","","","","","","",""
"BOM-R215 OC Core End Plate 5X165X1021-001","R215 OC Core End Plate 5X165X1021","Teksons Pvt Ltd",1.0,"","INR",1.0,"AL-PP-0398OC-C09","Nos",1,1,0,1,"","","Valuation Rate","Standard Buying","INR",1.0,1,"Work Order","",0,0.0,0.0,0.0,0.0,2.3,0.0,0.0,2.3,0.0,2.3,2.3,"R215 OC Core End Plate 5X165X1021","R215 OC Core End Plate 5X165X1021",0,0,"",0,"bom-r215-oc-core-end-plate-5x165x1021-001","","",0,1,"","","","","5g8sjtc0ri","Aluminium Sheet 5MM Thk",2.3,1.0,"Kg",0,2.3,2.3,1.0,"",1.0,0,0,"",1,1,"Aluminium Sheet 5MM Thk","Aluminium Sheet 5MM Thk","","","",2.3,"",0,2.3,"Kg","5g82dkre9a",0.0,0.0,1.0,0.0,"Shearing (W) Operation",0,0.0,"",0.0,0.0,"Shearing",1.0,"","",1,0,"","Shearing Machine","","","","","","","","","","7bu5c858sp",2.3,"Aluminium Sheet 5MM Thk","",1,"Aluminium Sheet 5MM Thk","Aluminium Sheet 5MM Thk","",2.3,1.0,"",0,2.3,"Kg"
"BOM-OC Bottom Tank Sub Assy-001","R215 OC Bottom Tank Sub Assy","Teksons Pvt Ltd",1.0,"","INR",1.0,"AL-PP-0398OC-H11","Nos",1,1,0,1,"","","Valuation Rate","Standard Buying","",1.0,1,"Work Order","",0,0.0,0.0,0.0,0.0,10.39,0.0,0.0,10.39,0.0,10.39,10.39,"OC Bottom Tank Sub Assy","OC Bottom Tank Sub Assy",0,0,"",0,"bom-oc-bottom-tank-sub-assy-001","","",0,1,"","","","","5g7micse4r","R215 OC Bottom Tank",1.0,9.11,"Nos",0,9.11,9.11,9.11,"BOM-R215 OC Bottom Tank-002",1.0,0,0,"",1,1,"OC Bottom ","R215 OC Bottom Tank","","","",1.0,"",0,1.0,"Nos","5g7catfagl",0.0,0.0,1.0,0.0,"Tank Assembly",0,0.0,"",0.0,0.0,"Tank Assembly",1.0,"","",1,0,"","Mig Welding","","","","","","","","","","ca0gi16o2k",1.0,"Aluminium Bush 6063 Hyundai 8","",1,"0261Oc-Alu-2-004","Aluminium Bush 6063 Hyundai 8","",1.0,1.0,"",0,1.0,"Nos"
"","","","","","","","","","","","","","","","","","","","","","","","","","","","","","","","","","","","","","","","","","","","","","","","","","5g7mt6opvn","0261Oc-Alu-2-004",1.0,1.0,"Nos",1,1.0,1.0,1.0,"",1.0,0,0,"",1,1,"Aluminium Bush 6063 Hyundai 8","Aluminium Bush 6063 Hyundai 8","","","",1.0,"",0,1.0,"Nos","","","","","","","","","","","","","","","","","","","","","","","","","","","","","ca0ukkgco4",3.11,"Aluminium Extrusion No 0073C-ALU-2-0008 70(H)*113(W)*7.5(T)*377LG","",1,"Aluminium Extrusion No 0073C-ALU-2-0008 70(H)*113(W)*7.5(T)*377LG","Aluminium Extrusion No 0073C-ALU-2-0008 70(H)*113(W)*7.5(T)*377LG","",3.11,1.0,"",0,3.11,"Kg"
"","","","","","","","","","","","","","","","","","","","","","","","","","","","","","","","","","","","","","","","","","","","","","","","","","5g7gtbhup5","Tank End Plate 96*62*8 For Extrusion No 0073C-ALU-2-0008",2.0,0.135555556,"Nos",0,0.28,0.28,0.135555556,"BOM-Tank End Plate For Extrusion No 0073C-ALU-2-0008-001",1.0,0,0,"",1,1,"Tank End Plate For Extrusion No 0073C-ALU-2-0008","Tank End Plate 96*62*8 For Extrusion No 0073C-ALU-2-0008","","","",2.0,"",0,2.0,"Nos","","","","","","","","","","","","","","","","","","","","","","","","","","","","","ca019abcbe",0.271777778,"Aluminium Plate 70*8*800MM","",1,"Aluminium Plate 70*8*800MM","Aluminium Plate 70*8*800MM","",0.271777778,1.0,"",0,0.271777778,"Kg"
"","","","","","","","","","","","","","","","","","","","","","","","","","","","","","","","","","","","","","","","","","","","","","","","","","","","","","","","","","","","","","","","","","","","","","","","","","","","","","","","","","","","","","","","","","","","","","","","","","","","","","","","ca07erie11",6.0,"Helicoil Insert","",1,"Helicoil Insert M10 X 1.5 X 15 Mm","Helicoil Insert","",6.0,1.0,"",0,6.0,"Nos"
"BOM-LH – RH Condenser MTG BKT-001","R215 LH – RH Condenser MTG BKT","Teksons Pvt Ltd",1.0,"","INR",1.0,"AL-PP-0398C-O12","Set",1,1,0,1,"","","Valuation Rate","Standard Buying","INR",1.0,1,"Work Order","",0,0.0,0.0,0.0,0.0,1.0,0.0,0.0,1.0,0.0,1.0,1.0,"LH – RH Condenser MTG BKT","LH – RH Condenser MTG BKT",0,0,"",0,"bom-lh-–-rh-condenser-mtg-bkt-001","","",0,1,"","","","","5g6j3b36ip","R215 LH – RH Condenser MTG BKT",1.0,1.0,"Set",0,1.0,1.0,1.0,"",1.0,1,0,"",1,1,"LH – RH Condenser MTG BKT","LH – RH Condenser MTG BKT","","","",1.0,"",0,1.0,"Set","5g6pdvm7dv",0.0,0.0,1.0,0.0,"Painting",0,0.0,"",0.0,0.0,"Painting",1.0,"","",1,0,"","RA Painting","","","","","","","","","","9cck5mfhbh",1.0,"LH – RH Condenser MTG BKT","",1,"R215 LH – RH Condenser MTG BKT","LH – RH Condenser MTG BKT","",1.0,1.0,"",0,1.0,"Set"
"BOM-Internal Fin For CAC 0.2*200*90-001","Internal Fin For CAC 0.2*200*90","Teksons Pvt Ltd",1.0,"","INR",1.0,"AL-PP-COMM-B003","Nos",1,1,0,1,"","","Valuation Rate","Standard Buying","INR",1.0,1,"Work Order","",0,0.0,0.0,0.0,0.0,0.03,0.0,0.0,0.03,0.0,0.03,0.03,"Internal Fin For CAC 0.2*200*90","Internal Fin For CAC 0.2*200*90",0,0,"",0,"bom-internal-fin-for-cac-0.2*200*90-001","","",0,1,"","","","","5g6umgllh5","Aluminium Coil 0.2×200MM",0.033,1.0,"Kg",0,0.03,0.03,1.0,"",1.0,0,0,"",1,1,"Aluminium Coil 0.2×200MM","Aluminium Coil 0.2×200MM","","","",0.033,"",0,0.033,"Kg","5g6jsjaar1",0.0,0.0,1.0,0.0,"Fin Forming",0,0.0,"",0.0,0.0,"Fin Forming",1.0,"","",1,0,"","Fin Forming and Cutting","","","","","","","","","","lh4bkq342i",0.033,"Aluminium Coil 0.2×200MM","",1,"Aluminium Coil 0.2×200MM","Aluminium Coil 0.2×200MM","",0.033,1.0,"",0,0.033,"Kg"
"BOM-Internal Fin For CAC 0.2*140*90-001","Internal Fin For CAC 0.2*140*90","Teksons Pvt Ltd",1.0,"","INR",1.0,"AL-PP-COMM-B006","Nos",1,1,0,1,"","","Valuation Rate","Standard Buying","INR",1.0,1,"Work Order","",0,0.0,0.0,0.0,0.0,0.02,0.0,0.0,0.02,0.0,0.02,0.02,"Internal Fin For CAC 0.2*140*90","Internal Fin For CAC 0.2*140*90",0,0,"",0,"bom-internal-fin-for-cac-0.2*140*90-001","","",0,1,"","","","","5g6t9vomru","Aluminium Coil 0.2×140",0.023,1.0,"Kg",0,0.02,0.02,1.0,"",1.0,0,0,"",1,1,"Aluminium Coil 0.2×140","Aluminium Coil 0.2×140","","","",0.023,"",0,0.023,"Kg","5g6ht9ar2i",0.0,0.0,1.0,0.0,"Fin Forming",0,0.0,"",0.0,0.0,"Fin Forming",1.0,"","",1,0,"","Fin Forming and Cutting","","","","","","","","","","lr5blq8kjn",0.023,"Aluminium Coil 0.2×140","",1,"Aluminium Coil 0.2×140","Aluminium Coil 0.2×140","",0.023,1.0,"",0,0.023,"Kg"
"BOM-R215 Fin For RAD 0.2*110*991-001","R215 Fin For RAD 0.2*110*991","Teksons Pvt Ltd",1.0,"","INR",1.0,"AL-PP-0398R-B03","Nos",1,1,0,1,"","","Valuation Rate","Standard Buying","INR",1.0,1,"Work Order","",0,0.0,0.0,0.0,0.0,0.23,0.0,0.0,0.23,0.0,0.23,0.23,"R215 Fin For RAD 0.2*110*991","Fin For RAD 0.2*110*991",0,0,"",0,"bom-r215-fin-for-rad-0.2*110*991-001","","",0,1,"","","","","5g51vv8rhn","Aluminium Coil 0.2*110",0.231,1.0,"Kg",0,0.23,0.23,1.0,"",1.0,0,0,"",1,1,"Aluminium Coil 0.2*110","Aluminium Coil 0.2*110","","","",0.231,"",0,0.231,"Kg","5g5crrquuo",0.0,0.0,1.0,0.0,"Fin Forming",0,0.0,"",0.0,0.0,"Fin Forming",1.0,"","",1,0,"","Fin Forming and Cutting","","","","","","","","","","meaqd58ogv",0.231,"Aluminium Coil 0.2*110","",1,"Aluminium Coil 0.2*110","Aluminium Coil 0.2*110","",0.231,1.0,"",0,0.231,"Kg"
"BOM-R215 Fin For OC 0.3*110*991-001","R215 Fin For OC 0.3*110*991","Teksons Pvt Ltd",1.0,"","INR",1.0,"AL-PP-0398C-B03","Nos",1,1,0,1,"","","Valuation Rate","Standard Buying","INR",1.0,1,"Work Order","",0,0.0,0.0,0.0,0.0,0.35,0.0,0.0,0.35,0.0,0.35,0.35,"R215 Fin For OC 0.3*110*991","Fin For OC 0.3*110*991",0,0,"",0,"bom-r215-fin-for-oc-0.3*110*991-001","","",0,1,"","","","","5g5urctr7g","Aluminium Coil 0.3*110MM",0.35,1.0,"Kg",0,0.35,0.35,1.0,"",1.0,0,0,"",1,1,"Aluminium Coil 0.3*110MM","Aluminium Coil 0.3*110MM","","","",0.35,"",0,0.35,"Kg","5g5fvu7r3h",0.0,0.0,1.0,0.0,"Fin Forming",0,0.0,"",0.0,0.0,"Fin Forming",1.0,"","",1,0,"","Fin Forming and Cutting","","","","","","","","","","mnas70c02l",0.35,"Aluminium Coil 0.3*110MM","",1,"Aluminium Coil 0.3*110MM","Aluminium Coil 0.3*110MM","",0.35,1.0,"",0,0.35,"Kg"
"BOM-Fan Cowl-001","R215 Fan Cowl","Teksons Pvt Ltd",1.0,"","INR",1.0,"AL-PP-0398C-O03","Nos",1,1,0,1,"","","Valuation Rate","Standard Buying","",1.0,1,"Work Order","",0,0.0,0.0,0.0,0.0,1.0,0.0,0.0,1.0,0.0,1.0,1.0,"Fan Cowl","Fan Cowl",0,0,"",0,"bom-fan-cowl-001","","",0,1,"","","","","5g52damm30","R215 Fan Cowl",1.0,1.0,"Nos",0,1.0,1.0,1.0,"",1.0,0,0,"",1,1,"Fan Cowl","Fan Cowl","","","",1.0,"",0,1.0,"Nos","5g5fp56nno",0.0,0.0,1.0,0.0,"Painting",0,0.0,"",0.0,0.0,"Painting",1.0,"","",1,0,"","RA Painting","","","","","","","","","","kdjfefan5v",1.0,"Fan Cowl","",1,"R215 Fan Cowl","Fan Cowl","",1.0,1.0,"",0,1.0,"Nos"
"BOM-Extruded Bar for OC and RAD 3*7*1021-001","Extruded Bar for OC and RAD 3*7*1021","Teksons Pvt Ltd",1.0,"","INR",1.0,"AL-PP-0398C-A03","Nos",1,1,0,1,"","","Valuation Rate","Standard Buying","INR",1.0,1,"Work Order","",0,0.0,0.0,0.0,0.0,0.06,0.0,0.0,0.06,0.0,0.06,0.06,"Extruded Bar for OC and RAD 3*7*1021","Extruded Bar for OC and RAD 3*7*1021",0,0,"",0,"bom-extruded-bar-for-oc-and-rad-3*7*1021-001","","",0,1,"","","","","5g5rohcqut","Aluminium Extruded Bar (ALU-STD-0043)(3*7)",0.059,1.0,"Kg",0,0.06,0.06,1.0,"",1.0,0,0,"",1,1,"Aluminium Extruded Bar (ALU-STD-0043)(3*7)","Aluminium Extruded Bar (ALU-STD-0043)(3*7)","","","",0.059,"",0,0.059,"Kg","5g5cs1kcv1",0.0,0.0,1.0,0.0,"Bar Cutting",0,0.0,"",0.0,0.0,"Bar Cutting",1.0,"","",1,0,"","Aluminium Bar Cutting","","","","","","","","","","3fdmp3aicb",0.059,"Aluminium Extruded Bar (ALU-STD-0043)(3*7)","",1,"Aluminium Extruded Bar (ALU-STD-0043)(3*7)","Aluminium Extruded Bar (ALU-STD-0043)(3*7)","",0.059,1.0,"",0,0.059,"Kg"
"BOM-R215 External Fin For CAC 0.3*110*911-001","R215 External Fin For CAC 0.3*110*911","Teksons Pvt Ltd",1.0,"","INR",1.0,"AL-PP-0398CAC-B06","Nos",1,1,0,1,"","","Valuation Rate","Standard Buying","INR",1.0,1,"Work Order","",0,0.0,0.0,0.0,0.0,0.32,0.0,0.0,0.32,0.0,0.32,0.32,"R215 External Fin For CAC 0.3*110*911","External Fin For CAC 0.3*110*911",0,0,"",0,"bom-r215-external-fin-for-cac-0.3*110*911-001","","",0,1,"","","","","5g4g4mg56v","Aluminium Coil 0.3*110MM",0.322,1.0,"Kg",0,0.32,0.32,1.0,"",1.0,0,0,"",1,1,"Aluminium Coil 0.3*110MM","Aluminium Coil 0.3*110MM","","","",0.322,"",0,0.322,"Kg","5g4stn4i7r",0.0,0.0,1.0,0.0,"Fin Forming",0,0.0,"",0.0,0.0,"Fin Forming",1.0,"","",1,0,"","Fin Forming and Cutting","","","","","","","","","","mvuuck7hu0",0.322,"Aluminium Coil 0.3*110MM","",1,"Aluminium Coil 0.3*110MM","Aluminium Coil 0.3*110MM","",0.322,1.0,"",0,0.322,"Kg"
"BOM-R215 External Fin For CAC 0.2*110*911-001","R215 External Fin For CAC 0.2*110*911","Teksons Pvt Ltd",1.0,"","INR",1.0,"AL-PP-0398CAC-B03","Nos",1,1,0,1,"","","Valuation Rate","Standard Buying","INR",1.0,1,"Work Order","",0,0.0,0.0,0.0,0.0,0.22,0.0,0.0,0.22,0.0,0.22,0.22,"R215 External Fin For CAC 0.2*110*911","External Fin For CAC 0.2*110*911",0,0,"",0,"bom-r215-external-fin-for-cac-0.2*110*911-001","","",0,1,"","","","","5g4727ko8r","Aluminium Coil 0.2*110",0.215,1.0,"Kg",0,0.22,0.22,1.0,"",1.0,0,0,"",1,1,"Aluminium Coil 0.2*110","Aluminium Coil 0.2*110","","","",0.215,"",0,0.215,"Kg","5g4i6safkl",0.0,0.0,1.0,0.0,"Fin Forming",0,0.0,"",0.0,0.0,"Fin Forming",1.0,"","",1,0,"","Fin Forming and Cutting","","","","","","","","","","n7u8ufturo",0.215,"Aluminium Coil 0.2*110","",1,"Aluminium Coil 0.2*110","Aluminium Coil 0.2*110","",0.215,1.0,"",0,0.215,"Kg"
"BOM-R215 RAD Core-001","R215 RAD Core","Teksons Pvt Ltd",1.0,"","INR",1.0,"AL-PP-0398R-H07","Nos",1,1,0,1,"","","Valuation Rate","Standard Buying","",1.0,1,"Work Order","",0,0.0,0.0,0.0,0.0,24.29,0.0,0.0,24.29,0.0,24.29,24.29,"R215 RAD Core","Core Assembly for RAD",0,0,"",0,"bom-r215-rad-core-001","","",0,1,"","","","","5g3nr05c17","R215 RAD Core End Plate2.5X110X1021",2.0,0.77,"Nos",0,1.54,1.54,0.77,"BOM-R215 RAD Core End Plate2.5X110X1021-001",1.0,0,0,"",1,1,"R215 RAD Core End Plate2.5X110X1021","R215 RAD Core End Plate2.5X110X1021","","","",2.0,"",0,2.0,"Nos","5g3oppor7r",0.0,0.0,1.0,0.0,"Core Assembly",0,0.0,"",0.0,0.0,"Core Assembly",1.0,"","",1,0,"","Core Fixing","","","","","","","","","","uo5kab81fh",1.534,"Aluminium Sheet 2.5MM Thk Without Cladded","",1,"Aluminium Sheet 2.5MM Thk Without Cladded","Aluminium Sheet 2.5MM Thk Without Cladded","",1.534,1.0,"",0,1.534,"Kg"
"","","","","","","","","","","","","","","","","","","","","","","","","","","","","","","","","","","","","","","","","","","","","","","","","","5g35b3ri83","Extruded Bar for OC and RAD 3*7*1021",48.0,0.06,"Nos",0,2.88,2.88,0.06,"BOM-Extruded Bar for OC and RAD 3*7*1021-001",1.0,0,0,"",1,1,"Extruded Bar for OC and RAD 3*7*1021","Extruded Bar for OC and RAD 3*7*1021","","","",48.0,"",0,48.0,"Nos","5g3bnkh7fb",0.0,0.0,1.0,0.0,"Core Brazing",0,0.0,"",0.0,0.0,"Core Brazing",1.0,"","",2,0,"","Brazing Furnace","","","","","","","","","","uo583739me",2.832,"Aluminium Extruded Bar (ALU-STD-0043)(3*7)","",1,"Aluminium Extruded Bar (ALU-STD-0043)(3*7)","Aluminium Extruded Bar (ALU-STD-0043)(3*7)","",2.832,1.0,"",0,2.832,"Kg"
"","","","","","","","","","","","","","","","","","","","","","","","","","","","","","","","","","","","","","","","","","","","","","","","","","5g3gbf2k56","R215 Fin For OC 0.3*110*991",6.0,0.35,"Nos",0,2.1,2.1,0.35,"BOM-R215 Fin For OC 0.3*110*991-001",1.0,0,0,"",1,1,"Fin For OC 0.3*110*991","R215 Fin For OC 0.3*110*991","","","",6.0,"",0,6.0,"Nos","","","","","","","","","","","","","","","","","","","","","","","","","","","","","uo51va7tn3",2.1,"Aluminium Coil 0.3*110MM","",1,"Aluminium Coil 0.3*110MM","Aluminium Coil 0.3*110MM","",2.1,1.0,"",0,2.1,"Kg"
"","","","","","","","","","","","","","","","","","","","","","","","","","","","","","","","","","","","","","","","","","","","","","","","","","5g32dh74nd","R215 Fin For RAD 0.2*110*991",19.0,0.23,"Nos",0,4.37,4.37,0.23,"BOM-R215 Fin For RAD 0.2*110*991-001",1.0,0,0,"",1,1,"Fin For RAD 0.2*110*991","R215 Fin For RAD 0.2*110*991","","","",19.0,"",0,19.0,"Nos","","","","","","","","","","","","","","","","","","","","","","","","","","","","","uo55u4cnt5",4.389,"Aluminium Coil 0.2*110","",1,"Aluminium Coil 0.2*110","Aluminium Coil 0.2*110","",4.389,1.0,"",0,4.389,"Kg"
"","","","","","","","","","","","","","","","","","","","","","","","","","","","","","","","","","","","","","","","","","","","","","","","","","5g3k14iufd","Spacer Bar 9.5×15×110",50.0,0.04,"Nos",0,2.0,2.0,0.04,"BOM-Spacer Bar 9.5×15×110-001",1.0,0,0,"",1,1,"Spacer Bar 9.5×15×110","Spacer Bar 9.5×15×110","","","",50.0,"",0,50.0,"Nos","","","","","","","","","","","","","","","","","","","","","","","","","","","","","uo5uajla59",2.15,"Aluminium Spacer Bar ( ALU STD 0061 ) ( 9.5*15 )","",1,"Aluminium Spacer Bar ( ALU STD 0061 ) ( 9.5*15 )","Aluminium Spacer Bar ( ALU STD 0061 ) ( 9.5*15 )","",2.15,1.0,"",0,2.15,"Kg"
"","","","","","","","","","","","","","","","","","","","","","","","","","","","","","","","","","","","","","","","","","","","","","","","","","5g3vq5v1i3","R215 RAD Tube Sheet 0.6*110*1021",50.0,0.18,"Nos",0,9.0,9.0,0.18,"BOM-Tube sheet for RAD 0.6*110*1021-001",1.0,0,0,"",1,1,"Tube sheet for RAD 0.6*110*1021","Tube sheet for RAD 0.6*110*1021","","","",50.0,"",0,50.0,"Nos","","","","","","","","","","","","","","","","","","","","","","","","","","","","","uo500sa9jt",9.2,"Aluminium Coil 0.6*110MM Thk","",1,"Aluminium Coil 0.6*110MM","Aluminium Coil 0.6*110MM","",9.2,1.0,"",0,9.2,"Kg"
"","","","","","","","","","","","","","","","","","","","","","","","","","","","","","","","","","","","","","","","","","","","","","","","","","5g3n51u3mp","Turbulator 0.2*250*96.0",12.0,0.02,"Nos",0,0.24,0.24,0.02,"BOM-Turbulator 0.2*250*96.0-001",1.0,0,0,"",1,1,"Turbulator 0.2*250*96.0","Turbulator 0.2*250*96.0","","","",12.0,"",0,12.0,"Nos","","","","","","","","","","","","","","","","","","","","","","","","","","","","","uo5jgjr04n",0.288,"Aluminium Coil 0.2×250 Thk","",1,"Aluminium Coil 0.2×250 Thk","Aluminium Coil 0.2×250 Thk","",0.288,1.0,"",0,0.288,"Kg"
"","","","","","","","","","","","","","","","","","","","","","","","","","","","","","","","","","","","","","","","","","","","","","","","","","5g30pb3jc7","Turbulator 0.2*300*96.0",72.0,0.03,"Nos",0,2.16,2.16,0.03,"BOM-Turbulator 0.2*300*96.0-001",1.0,0,0,"",1,1,"Turbulator for RAD 0.2*300*96.0","Turbulator 0.2*300*96.0","","","",72.0,"",0,72.0,"Nos","","","","","","","","","","","","","","","","","","","","","","","","","","","","","uo5f3scle7",2.088,"Aluminium Coil 0.2×300","",1,"Aluminium Coil 0.2×300","Aluminium Coil 0.2×300","",2.088,1.0,"",0,2.088,"Kg"
"BOM-R215 OC Core-001","R215 OC Core","Teksons Pvt Ltd",1.0,"","INR",1.0,"AL-PP-0398OC-H07","Nos",1,1,0,1,"","","Valuation Rate","Standard Buying","",1.0,1,"Work Order","",0,0.0,0.0,0.0,0.0,34.88,0.0,0.0,34.88,0.0,34.88,34.88,"R215 OC Core","Core Assembly for OC",0,0,"",0,"bom-r215-oc-core-001","","",0,1,"","","","","5g2jopsmql","R215 OC and RAD Core End Plate2.5X110X1021",1.0,0.77,"Nos",0,0.77,0.77,0.77,"BOM-R215 OC and RAD Core End Plate2.5X110X1021-001",1.0,0,0,"",1,1,"R215 Core End Plate For OC &amp; RAD 2.5X110X1021","R215 OC and RAD Core End Plate2.5X110X1021","","","",1.0,"",0,1.0,"Nos","5g2cpgknde",0.0,0.0,1.0,0.0,"Core Assembly",0,0.0,"",0.0,0.0,"Core Assembly",1.0,"","",1,0,"","Core Fixing","","","","","","","","","","q2bh0ld9gc",0.767,"Aluminium Sheet 2.5MM Thk Without Cladded","",1,"Aluminium Sheet 2.5MM Thk Without Cladded","Aluminium Sheet 2.5MM Thk Without Cladded","",0.767,1.0,"",0,0.767,"Kg"
"","","","","","","","","","","","","","","","","","","","","","","","","","","","","","","","","","","","","","","","","","","","","","","","","","5g28m1r4d5","Extruded Bar for OC and RAD 3*7*1021",78.0,0.06,"Nos",0,4.68,4.68,0.06,"BOM-Extruded Bar for OC and RAD 3*7*1021-001",1.0,0,0,"",1,1,"Extruded Bar for OC and RAD 3*7*1021","Extruded Bar for OC and RAD 3*7*1021","","","",78.0,"",0,78.0,"Nos","5g2ucgpv54",0.0,0.0,1.0,0.0,"Core Brazing",0,0.0,"",0.0,0.0,"Core Brazing",1.0,"","",2,0,"","Brazing Furnace","","","","","","","","","","q2b0pmt2pc",4.602,"Aluminium Extruded Bar (ALU-STD-0043)(3*7)","",1,"Aluminium Extruded Bar (ALU-STD-0043)(3*7)","Aluminium Extruded Bar (ALU-STD-0043)(3*7)","",4.602,1.0,"",0,4.602,"Kg"
"","","","","","","","","","","","","","","","","","","","","","","","","","","","","","","","","","","","","","","","","","","","","","","","","","5g2qjcra02","R215 Fin For OC 0.3*110*991",27.0,0.35,"Nos",0,9.45,9.45,0.35,"BOM-R215 Fin For OC 0.3*110*991-001",1.0,0,0,"",1,1,"Fin For OC 0.3*110*991","R215 Fin For OC 0.3*110*991","","","",27.0,"",0,27.0,"Nos","","","","","","","","","","","","","","","","","","","","","","","","","","","","","q2b7gml39a",9.45,"Aluminium Coil 0.3*110MM","",1,"Aluminium Coil 0.3*110MM","Aluminium Coil 0.3*110MM","",9.45,1.0,"",0,9.45,"Kg"
"","","","","","","","","","","","","","","","","","","","","","","","","","","","","","","","","","","","","","","","","","","","","","","","","","5g2622qml8","R215 OC Core End Plate 5X140X1021",1.0,2.3,"Nos",0,2.3,2.3,2.3,"BOM-R215 OC Core End Plate 5X140X1021-002",1.0,0,0,"",1,1,"OC Core End Plate 5*140*1021","R215 OC Core End Plate 5X140X1021","","","",1.0,"",0,1.0,"Nos","","","","","","","","","","","","","","","","","","","","","","","","","","","","","q2bcu9k81t",2.3,"Aluminium Sheet 5MM Thk","",1,"Aluminium Sheet 5MM Thk","Aluminium Sheet 5MM Thk","",2.3,1.0,"",0,2.3,"Kg"
"","","","","","","","","","","","","","","","","","","","","","","","","","","","","","","","","","","","","","","","","","","","","","","","","","5g28fh384n","Spacer Bar 9.5×15×110",54.0,0.04,"Nos",0,2.16,2.16,0.04,"BOM-Spacer Bar 9.5×15×110-001",1.0,0,0,"",1,1,"Spacer Bar 9.5×15×110","Spacer Bar 9.5×15×110","","","",54.0,"",0,54.0,"Nos","","","","","","","","","","","","","","","","","","","","","","","","","","","","","q2bii6ocjc",2.322,"Aluminium Spacer Bar ( ALU STD 0061 ) ( 9.5*15 )","",1,"Aluminium Spacer Bar ( ALU STD 0061 ) ( 9.5*15 )","Aluminium Spacer Bar ( ALU STD 0061 ) ( 9.5*15 )","",2.322,1.0,"",0,2.322,"Kg"
"","","","","","","","","","","","","","","","","","","","","","","","","","","","","","","","","","","","","","","","","","","","","","","","","","5g2qatlbp9","R215 OC Tube Sheet 0.7*110*1021",54.0,0.22,"Nos",0,11.88,11.88,0.22,"BOM-Tube Sheet for OC 0.7*110*1021-001",1.0,0,0,"",1,1,"Tube Sheet for OC 0.7*110*1021","Tube Sheet for OC 0.7*110*1021","","","",54.0,"",0,54.0,"Nos","","","","","","","","","","","","","","","","","","","","","","","","","","","","","q2bpkm90i5",11.61,"Aluminium Coil 0.7*110","",1,"Aluminium Coil 0.7*110","Aluminium Coil 0.7*110","",11.61,1.0,"",0,11.61,"Kg"
"","","","","","","","","","","","","","","","","","","","","","","","","","","","","","","","","","","","","","","","","","","","","","","","","","5g2bt08618","Turbulator 0.3*250*44.5",26.0,0.02,"Nos",0,0.52,0.52,0.02,"BOM-Turbulator 0.3*250*44.5-002",1.0,0,0,"",1,1,"Turbulator 0.3*250*44.5","Turbulator 0.3*250*44.5","","","",26.0,"",0,26.0,"Nos","","","","","","","","","","","","","","","","","","","","","","","","","","","","","q2bkq7a1d7",0.39,"Aluminium Coil 0.3×250MM","",1,"Aluminium Coil 0.3×250MM","Aluminium Coil 0.3×250MM","",0.39,1.0,"",0,0.39,"Kg"
"","","","","","","","","","","","","","","","","","","","","","","","","","","","","","","","","","","","","","","","","","","","","","","","","","5g2ms5ed54","Turbulator 0.3*300*44.5",156.0,0.02,"Nos",0,3.12,3.12,0.02,"BOM-Turbulator 0.3*300*44.5-001",1.0,0,0,"",1,1,"Turbulator for OC 0.3*300*44.5","Turbulator 0.3*300*44.5","","","",156.0,"",0,156.0,"Nos","","","","","","","","","","","","","","","","","","","","","","","","","","","","","q2b3dbgnsa",2.808,"Aluminium Coil 0.3×300MM","",1,"Aluminium Coil 0.3×300MM","Aluminium Coil 0.3×300MM","",2.808,1.0,"",0,2.808,"Kg"
"BOM-R215 CAC Core-001","R215 CAC Core","Teksons Pvt Ltd",1.0,"","INR",1.0,"AL-PP-0398CAC-H07","Nos",1,0,0,1,"","","Valuation Rate","Standard Buying","",1.0,1,"Work Order","",0,0.0,0.0,0.0,0.0,14.67,0.0,0.0,14.67,0.0,14.67,14.67,"R215 CAC Core","Core Assembly for CAC",0,0,"",0,"bom-r215-cac-core-001","","",0,1,"","","","","5g10q3pr5i","R215 CAC Core End Plate 2.5X110X941",1.0,0.71,"Nos",0,0.71,0.71,0.71,"BOM-R215 CAC Core End Plate 2.5X110X941-001",1.0,0,0,"",1,1,"R215 CAC Core End Plate 2.5X110X941","R215 CAC Core End Plate 2.5X110X941","","","",1.0,"",0,1.0,"Nos","5g1498gpem",0.0,0.0,1.0,0.0,"Core Assembly",0,0.0,"",0.0,0.0,"Core Assembly",1.0,"","",1,0,"","Core Fixing","","","","","","","","","","f49ee326i1",0.706,"Aluminium Sheet 2.5MM Thk Without Cladded","",1,"Aluminium Sheet 2.5MM Thk Without Cladded","Aluminium Sheet 2.5MM Thk Without Cladded","",0.706,1.0,"",0,0.706,"Kg"
"","","","","","","","","","","","","","","","","","","","","","","","","","","","","","","","","","","","","","","","","","","","","","","","","","5g1mtju2ej","R215 CAC Core End Plate 5X140X941",1.0,2.12,"Nos",0,2.12,2.12,2.12,"BOM-R215 CAC Core End Plate 5X140X941-001",1.0,0,0,"",1,1,"CAC Core End Plate 5*140*941","R215 CAC Core End Plate 5X140X941","","","",1.0,"",0,1.0,"Nos","5g1223c2ii",0.0,0.0,1.0,0.0,"Core Brazing",0,0.0,"",0.0,0.0,"Core Brazing",1.0,"","",2,0,"","Brazing Furnace","","","","","","","","","","f491q2uqie",2.12,"Aluminium Sheet 5MM Thk","",1,"Aluminium Sheet 5MM Thk","Aluminium Sheet 5MM Thk","",2.12,1.0,"",0,2.12,"Kg"
"","","","","","","","","","","","","","","","","","","","","","","","","","","","","","","","","","","","","","","","","","","","","","","","","","5g1267d4po","R215 External Fin For CAC 0.2*110*911",6.0,0.22,"Nos",0,1.32,1.32,0.22,"BOM-R215 External Fin For CAC 0.2*110*911-001",1.0,0,0,"",1,1,"External Fin For CAC 0.2*110*911","R215 External Fin For CAC 0.2*110*911","","","",6.0,"",0,6.0,"Nos","","","","","","","","","","","","","","","","","","","","","","","","","","","","","f499t7llf6",1.29,"Aluminium Coil 0.2*110","",1,"Aluminium Coil 0.2*110","Aluminium Coil 0.2*110","",1.29,1.0,"",0,1.29,"Kg"
"","","","","","","","","","","","","","","","","","","","","","","","","","","","","","","","","","","","","","","","","","","","","","","","","","5g19o2tjpp","R215 External Fin For CAC 0.3*110*911",4.0,0.32,"Nos",0,1.28,1.28,0.32,"BOM-R215 External Fin For CAC 0.3*110*911-001",1.0,0,0,"",1,1,"External Fin For CAC 0.3*110*911","R215 External Fin For CAC 0.3*110*911","","","",4.0,"",0,4.0,"Nos","","","","","","","","","","","","","","","","","","","","","","","","","","","","","f4927e1g01",1.288,"Aluminium Coil 0.3*110MM","",1,"Aluminium Coil 0.3*110MM","Aluminium Coil 0.3*110MM","",1.288,1.0,"",0,1.288,"Kg"
"","","","","","","","","","","","","","","","","","","","","","","","","","","","","","","","","","","","","","","","","","","","","","","","","","5g1siadvf7","Internal Fin For CAC 0.2*140*90",9.0,0.02,"Nos",0,0.18,0.18,0.02,"BOM-Internal Fin For CAC 0.2*140*90-001",1.0,0,0,"",1,1,"Internal Fin For CAC 0.2*140*90","Internal Fin For CAC 0.2*140*90","","","",9.0,"",0,9.0,"Nos","","","","","","","","","","","","","","","","","","","","","","","","","","","","","f49ofp3e97",0.207,"Aluminium Coil 0.2×140","",1,"Aluminium Coil 0.2×140","Aluminium Coil 0.2×140","",0.207,1.0,"",0,0.207,"Kg"
"","","","","","","","","","","","","","","","","","","","","","","","","","","","","","","","","","","","","","","","","","","","","","","","","","5g1irherdg","Internal Fin For CAC 0.2*200*90",36.0,0.03,"Nos",0,1.08,1.08,0.03,"BOM-Internal Fin For CAC 0.2*200*90-001",1.0,0,0,"",1,1,"Internal Fin For CAC 0.2*200*90","Internal Fin For CAC 0.2*200*90","","","",36.0,"",0,36.0,"Nos","","","","","","","","","","","","","","","","","","","","","","","","","","","","","f49v7cemh0",1.188,"Aluminium Coil 0.2×200MM","",1,"Aluminium Coil 0.2×200MM","Aluminium Coil 0.2×200MM","",1.188,1.0,"",0,1.188,"Kg"
"","","","","","","","","","","","","","","","","","","","","","","","","","","","","","","","","","","","","","","","","","","","","","","","","","5g1qnh3vb6","Spacer Bar 9.5×15×110",20.0,0.04,"Nos",0,0.8,0.8,0.04,"BOM-Spacer Bar 9.5×15×110-001",1.0,0,0,"",1,1,"Spacer Bar 9.5×15×110","Spacer Bar 9.5×15×110","","","",20.0,"",0,20.0,"Nos","","","","","","","","","","","","","","","","","","","","","","","","","","","","","f49ld75b4k",0.86,"Aluminium Spacer Bar ( ALU STD 0061 ) ( 9.5*15 )","",1,"Aluminium Spacer Bar ( ALU STD 0061 ) ( 9.5*15 )","Aluminium Spacer Bar ( ALU STD 0061 ) ( 9.5*15 )","",0.86,1.0,"",0,0.86,"Kg"
"","","","","","","","","","","","","","","","","","","","","","","","","","","","","","","","","","","","","","","","","","","","","","","","","","5g1ehlqpke","R215 Spacer Bar for CAC 8*10*941",18.0,0.21,"Nos",0,3.78,3.78,0.21,"BOM-R215 Spacer Bar for CAC 8*10*941-001",1.0,0,0,"",1,1,"Spacer Bar for CAC 8*10*941","R215 Spacer Bar for CAC 8*10*941","","","",18.0,"",0,18.0,"Nos","","","","","","","","","","","","","","","","","","","","","","","","","","","","","f495qjnste",3.708,"Aluminium Spacer Bar ALU-STD-0028 (8*10)","",1,"Aluminium Spacer Bar ALU-STD-0028 (8*10)","Aluminium Spacer Bar ALU-STD-0028 (8*10)","",3.708,1.0,"",0,3.708,"Kg"
"","","","","","","","","","","","","","","","","","","","","","","","","","","","","","","","","","","","","","","","","","","","","","","","","","5g1g34jkki","R215 Tube Sheet For CAC 0.6*110*941",20.0,0.17,"Nos",0,3.4,3.4,0.17,"BOM-R215 Tube Sheet For CAC 0.6*110*941-001",1.0,0,0,"",1,1,"Tube Sheet For CAC 0.6*110*941","R215 Tube Sheet For CAC 0.6*110*941","","","",20.0,"",0,20.0,"Nos","","","","","","","","","","","","","","","","","","","","","","","","","","","","","f49hhnght6",3.4,"Aluminium Coil 0.6*110MM Thk","",1,"Aluminium Coil 0.6*110MM","Aluminium Coil 0.6*110MM","",3.4,1.0,"",0,3.4,"Kg"
"BOM-Condenser Mounting Block-001","Condenser Mounting Block 31X19X25","Teksons Pvt Ltd",1.0,"","INR",1.0,"AL-PP-COMM-N004","Nos",1,1,0,1,"","","Valuation Rate","Standard Buying","",1.0,1,"Work Order","",0,0.0,0.0,0.0,0.0,1.39,0.0,0.0,1.39,0.0,1.39,1.39,"Condenser Mtg. Block 31X19X25","Condenser Mtg. Block 31X19X25",0,0,"",0,"bom-condenser-mounting-block-001","","",0,1,"","","","","5g0m927loo","Aluminium Extrusion No 0.0318C-ALU-2-0033 (31*19*25)",0.393,1.0,"Kg",0,0.39,0.39,1.0,"",1.0,0,0,"",1,1,"Aluminium Extrusion No 0.0318C-ALU-2-0033 (31*19*25)","Aluminium Extrusion No 0.0318C-ALU-2-0033 (31*19*25)","","","",0.393,"",0,0.393,"Kg","5g07gb58tq",0.0,0.0,1.0,0.0,"Size Cutting",0,0.0,"",0.0,0.0,"Size Cutting",1.0,"","",1,0,"","Accurate Cutting","","","","","","","","","","rjtjgnk6jl",0.393,"Aluminium Extrusion No 0.0318C-ALU-2-0033 (31*19*25)","",1,"Aluminium Extrusion No 0.0318C-ALU-2-0033 (31*19*25)","Aluminium Extrusion No 0.0318C-ALU-2-0033 (31*19*25)","",0.393,1.0,"",0,0.393,"Kg"
"","","","","","","","","","","","","","","","","","","","","","","","","","","","","","","","","","","","","","","","","","","","","","","","","","5g0fckr596","Helicoil Insert M8 X 1.25 X 16Mm (2 D)",1.0,1.0,"Nos",1,1.0,1.0,1.0,"",1.0,0,0,"",1,1,"Helicoil Insert M8 X 1.25 X 16Mm (2 D)","Helicoil Insert M8 X 1.25 X 16Mm (2 D)","","","",1.0,"",0,1.0,"Nos","5g0ij2qh6o",0.0,0.0,1.0,0.0,"Drilling & Boring",0,0.0,"",0.0,0.0,"Drilling & Boring",1.0,"","",2,0,"","Drilling, Boring and Milling","","","","","","","","","","rjtgb9tpb0",1.0,"Helicoil Insert M8 X 1.25 X 16Mm (2 D)","",1,"Helicoil Insert M8 X 1.25 X 16Mm (2 D)","Helicoil Insert M8 X 1.25 X 16Mm (2 D)","",1.0,1.0,"",0,1.0,"Nos"
"","","","","","","","","","","","","","","","","","","","","","","","","","","","","","","","","","","","","","","","","","","","","","","","","","","","","","","","","","","","","","","","","","","","","","","","","","","","5g0fits15t",0.0,0.0,1.0,0.0,"Helicoil Inserting",0,0.0,"",0.0,0.0,"Helicoil Insert",1.0,"","",3,0,"","Helicoil & Tapping","","","","","","","","","","","","","","","","","","","","","","",""
"BOM-CAC Top Tank Sub Assy-001","R215 CAC Top Tank Sub Assy","Teksons Pvt Ltd",1.0,"","INR",1.0,"AL-PP-0398CAC-H09","Nos",1,1,0,1,"","","Valuation Rate","Standard Buying","",1.0,1,"Work Order","",0,0.0,0.0,0.0,0.0,6.36,0.0,0.0,6.36,0.0,6.36,6.36,"CAC Top Tank Sub Assy","CAC Top Tank Sub Assy",0,0,"",0,"bom-cac-top-tank-sub-assy-001","","",0,1,"","","","","5g071547rd","Tank End Plate 101.5*96*5 for Extrusion No 0239C-ALU-2-0001",2.0,0.148333333,"Nos",0,0.3,0.3,0.148333333,"BOM-Tank End Plate for Extrusion No 0239C-ALU-2-0001-001",1.0,0,0,"",1,1,"Tank end plate for extrusion No  0239C-ALU-2-0001","Tank End Plate for Extrusion No 0239C-ALU-2-0001","","","",2.0,"",0,2.0,"Nos","5g0gllllkr",0.0,0.0,1.0,0.0,"Tank Assembly",0,0.0,"",0.0,0.0,"Tank Assembly",1.0,"","",1,0,"","Mig Welding","","","","","","","","","","2tkb9saitv",0.298,"Aluminium Plate 110*5*2250MM","",1,"Aluminium Plate 110*5*2250MM","Aluminium Plate 110*5*2250MM","",0.298,1.0,"",0,0.298,"Kg"
"","","","","","","","","","","","","","","","","","","","","","","","","","","","","","","","","","","","","","","","","","","","","","","","","","5g0srnhv82","R215 CAC Inlet and Outlet Pipe",1.0,0.25,"Nos",0,0.25,0.25,0.25,"BOM-CAC Inlet and Outlet Pipe-001",1.0,0,0,"",1,1,"CAC Inlet and Outlet Pipe","CAC Inlet and Outlet Pipe","","","",1.0,"",0,1.0,"Nos","","","","","","","","","","","","","","","","","","","","","","","","","","","","","2tk4tnqrj0",0.253,"Aluminium Pipe ⌀ 76.0*3MM Thk","",1,"Aluminium Pipe ⌀ 76.0*3MM Thk","Aluminium Pipe ⌀ 76.0*3MM Thk","",0.253,1.0,"",0,0.253,"Kg"
"","","","","","","","","","","","","","","","","","","","","","","","","","","","","","","","","","","","","","","","","","","","","","","","","","5g0nggth3f","R215 CAC Top Tank",1.0,5.81,"Nos",0,5.81,5.81,5.81,"BOM-R215 CAC Top Tank-001",1.0,0,0,"",1,1,"CAC Top Tank","R215 CAC Top Tank","","","",1.0,"",0,1.0,"Nos","","","","","","","","","","","","","","","","","","","","","","","","","","","","","2tk3ggd31l",1.81,"Aluminium Extrusion No 0239C-ALU-2-0001 110(H)*113(W)*7.5(T)*186Kg","",1,"Aluminium Extrusion No 0239C-ALU-2-0001 110(H)*113(W)*7.5(T)*186Kg","Aluminium Extrusion No 0239C-ALU-2-0001 110(H)*113(W)*7.5(T)*186Kg","",1.81,1.0,"",0,1.81,"Kg"
"","","","","","","","","","","","","","","","","","","","","","","","","","","","","","","","","","","","","","","","","","","","","","","","","","","","","","","","","","","","","","","","","","","","","","","","","","","","","","","","","","","","","","","","","","","","","","","","","","","","","","","","2tkopib8rr",4.0,"Helicoil Insert","",1,"Helicoil Insert M10 X 1.5 X 15 Mm","Helicoil Insert","",4.0,1.0,"",0,4.0,"Nos"
"BOM-R215 CAC Top Tank-001","R215 CAC Top Tank","Teksons Pvt Ltd",1.0,"","INR",1.0,"AL-PP-0398CAC-E04","Nos",1,1,0,1,"","","Valuation Rate","Standard Buying","",1.0,1,"Work Order","",0,0.0,0.0,0.0,0.0,5.81,0.0,0.0,5.81,0.0,5.81,5.81,"R215 CAC Top Tank","CAC Top Tank",0,0,"",0,"bom-r215-cac-top-tank-001","","",0,1,"","","","","5fvok0g91u","R215 CAC Top and Bottom Tank 110x113x7.5x186LG",1.0,1.81,"Nos",0,1.81,1.81,1.81,"BOM-R215 CAC Top and Bottom Tank 110x113x7.5x186LG-001",1.0,0,0,"",1,1,"CAC Top and Bottom Tank","R215 CAC Top and Bottom Tank 110x113x7.5x186LG","","","",1.0,"",0,1.0,"Nos","5fvl7rq3je",0.0,0.0,1.0,0.0,"Drilling & Boring",0,0.0,"",0.0,0.0,"Drilling & Boring",1.0,"","",1,0,"","Drilling, Boring and Milling","","","","","","","","","","hg4k3fidl9",1.81,"Aluminium Extrusion No 0239C-ALU-2-0001 110(H)*113(W)*7.5(T)*186Kg","",1,"Aluminium Extrusion No 0239C-ALU-2-0001 110(H)*113(W)*7.5(T)*186Kg","Aluminium Extrusion No 0239C-ALU-2-0001 110(H)*113(W)*7.5(T)*186Kg","",1.81,1.0,"",0,1.81,"Kg"
"","","","","","","","","","","","","","","","","","","","","","","","","","","","","","","","","","","","","","","","","","","","","","","","","","5fv4una382","Helicoil Insert M10 X 1.5 X 15 Mm",4.0,1.0,"Nos",0,4.0,4.0,1.0,"",1.0,0,0,"",1,1,"Helicoil Insert","Helicoil Insert","","","",4.0,"",0,4.0,"Nos","5fvvhhad80",0.0,0.0,1.0,0.0,"Helicoil Inserting",0,0.0,"",0.0,0.0,"Helicoil Insert",1.0,"","",2,0,"","Helicoil & Tapping","","","","","","","","","","hg4fat8it7",4.0,"Helicoil Insert","",1,"Helicoil Insert M10 X 1.5 X 15 Mm","Helicoil Insert","",4.0,1.0,"",0,4.0,"Nos"
"BOM-R215 CAC Top and Bottom Tank 110x113x7.5x186LG-001","R215 CAC Top and Bottom Tank 110x113x7.5x186LG","Teksons Pvt Ltd",1.0,"","INR",1.0,"AL-PP-0398CAC-E01","Nos",1,1,0,1,"","","Valuation Rate","Standard Buying","INR",1.0,1,"Work Order","",0,0.0,0.0,0.0,0.0,1.81,0.0,0.0,1.81,0.0,1.81,1.81,"R215 CAC Top and Bottom Tank 110x113x7.5x186LG","CAC Top and Bottom Tank",0,0,"",0,"bom-r215-cac-top-and-bottom-tank-110x113x7.5x186lg-001","","",0,1,"","","","","5fv1fk6rne","Aluminium Extrusion No 0239C-ALU-2-0001 110(H)*113(W)*7.5(T)*186Kg",1.81,1.0,"Kg",0,1.81,1.81,1.0,"",1.0,0,0,"",1,1,"Aluminium Extrusion No 0239C-ALU-2-0001 110(H)*113(W)*7.5(T)*186Kg","Aluminium Extrusion No 0239C-ALU-2-0001 110(H)*113(W)*7.5(T)*186Kg","","","",1.81,"",0,1.81,"Kg","5fvct7927i",0.0,0.0,1.0,0.0,"Size Cutting",0,0.0,"",0.0,0.0,"Size Cutting",1.0,"","",1,0,"","Accurate Cutting","","","","","","","","","","gg8i2mo7tm",1.81,"Aluminium Extrusion No 0239C-ALU-2-0001 110(H)*113(W)*7.5(T)*186Kg","",1,"Aluminium Extrusion No 0239C-ALU-2-0001 110(H)*113(W)*7.5(T)*186Kg","Aluminium Extrusion No 0239C-ALU-2-0001 110(H)*113(W)*7.5(T)*186Kg","",1.81,1.0,"",0,1.81,"Kg"
"BOM-CAC Inlet and Outlet Pipe-001","R215 CAC Inlet and Outlet Pipe","Teksons Pvt Ltd",1.0,"","INR",1.0,"AL-PP-0398CAC-L03","Nos",1,1,0,1,"","","Valuation Rate","Standard Buying","INR",1.0,1,"Work Order","",0,0.0,0.0,0.0,0.0,0.25,0.0,0.0,0.25,0.0,0.25,0.25,"CAC Inlet and Outlet Pipe","CAC Inlet and Outlet Pipe",0,0,"",0,"bom-cac-inlet-and-outlet-pipe-001","","",0,1,"","","","","5fu3hqmvf0","Aluminium Pipe ⌀ 76.0*3MM Thk",0.253,1.0,"Kg",0,0.25,0.25,1.0,"",1.0,0,0,"",1,1,"Aluminium Pipe ⌀ 76.0*3MM Thk","Aluminium Pipe ⌀ 76.0*3MM Thk","","","",0.253,"",0,0.253,"Kg","5fuangmds5",0.0,0.0,1.0,0.0,"Pipe Cutting",0,0.0,"",0.0,0.0,"Pipe Cutting",1.0,"","",1,0,"","Weld_Manual Cutting","","","","","","","","","","1p5ko4j1pq",0.253,"Aluminium Pipe ⌀ 76.0*3MM Thk","",1,"Aluminium Pipe ⌀ 76.0*3MM Thk","Aluminium Pipe ⌀ 76.0*3MM Thk","",0.253,1.0,"",0,0.253,"Kg"
"BOM-R215 CAC Core End Plate 5X165X941-001","R215 CAC Core End Plate 5X165X941","Teksons Pvt Ltd",1.0,"","INR",1.0,"AL-PP-0398CAC-C08","Nos",1,1,0,1,"","","Valuation Rate","Standard Buying","INR",1.0,1,"Work Order","",0,0.0,0.0,0.0,0.0,2.12,0.0,0.0,2.12,0.0,2.12,2.12,"R215 CAC Core End Plate 5X165X941","R215 CAC Core End Plate 5X165X941",0,0,"",0,"bom-r215-cac-core-end-plate-5x165x941-001","","",0,1,"","","","","5ft5kbm8gj","Aluminium Sheet 5MM Thk",2.12,1.0,"Kg",0,2.12,2.12,1.0,"",1.0,0,0,"",1,1,"Aluminium Sheet 5MM Thk","Aluminium Sheet 5MM Thk","","","",2.12,"",0,2.12,"Kg","5ftsv24oe3",0.0,0.0,1.0,0.0,"Shearing (W) Operation",0,0.0,"",0.0,0.0,"Shearing",1.0,"","",1,0,"","Shearing Machine","","","","","","","","","","a9pe7cq2ip",2.12,"Aluminium Sheet 5MM Thk","",1,"Aluminium Sheet 5MM Thk","Aluminium Sheet 5MM Thk","",2.12,1.0,"",0,2.12,"Kg"
"BOM-R215 CAC Core End Plate 5X140X941-001","R215 CAC Core End Plate 5X140X941","Teksons Pvt Ltd",1.0,"","INR",1.0,"AL-PP-0398CAC-C12","Nos",1,1,0,1,"","","Valuation Rate","Standard Buying","",1.0,1,"Work Order","",0,0.0,0.0,0.0,0.0,2.12,0.0,0.0,2.12,0.0,2.12,2.12,"R215 CAC Core End Plate 5X140X941","CAC Core End Plate 5*140*941",0,0,"",0,"bom-r215-cac-core-end-plate-5x140x941-001","","",0,1,"","","","","5ftfqcucpl","R215 CAC Core End Plate 5X165X941",1.0,2.12,"Nos",0,2.12,2.12,2.12,"BOM-R215 CAC Core End Plate 5X165X941-001",1.0,0,0,"",1,1,"R215 CAC Core End Plate 5X165X941","R215 CAC Core End Plate 5X165X941","","","",1.0,"",0,1.0,"Nos","anc3ob47ls",0.0,0.0,1.0,0.0,"Folding",0,0.0,"",0.0,0.0,"Folding",1.0,"","",1,0,"","Folding","","","","","","","","","","as5mefehdo",2.12,"Aluminium Sheet 5MM Thk","",1,"Aluminium Sheet 5MM Thk","Aluminium Sheet 5MM Thk","",2.12,1.0,"",0,2.12,"Kg"
"","","","","","","","","","","","","","","","","","","","","","","","","","","","","","","","","","","","","","","","","","","","","","","","","","","","","","","","","","","","","","","","","","","","","","","","","","","","5ft63pp751",0.0,0.0,1.0,0.0,"Sr. No. Punching",0,0.0,"",0.0,0.0,"Sr. No. Punching",1.0,"","",2,0,"","Sr. No. Punching","","","","","","","","","","","","","","","","","","","","","","",""
"BOM-R215 CAC Core End Plate 2.5X110X941-001","R215 CAC Core End Plate 2.5X110X941","Teksons Pvt Ltd",1.0,"","INR",1.0,"AL-PP-0398CAC-C02","Nos",1,1,0,1,"","","Valuation Rate","Standard Buying","INR",1.0,1,"Work Order","",0,0.0,0.0,0.0,0.0,0.71,0.0,0.0,0.71,0.0,0.71,0.71,"R215 CAC Core End Plate 2.5X110X941","R215 CAC Core End Plate 2.5X110X941",0,0,"",0,"bom-r215-cac-core-end-plate-2.5x110x941-001","","",0,1,"","","","","5ft4nt58b2","Aluminium Sheet 2.5MM Thk Without Cladded",0.706,1.0,"Kg",0,0.71,0.71,1.0,"",1.0,0,0,"",1,1,"Aluminium Sheet 2.5MM Thk Without Cladded","Aluminium Sheet 2.5MM Thk Without Cladded","","","",0.706,"",0,0.706,"Kg","5ft1lotuks",0.0,0.0,1.0,0.0,"Shearing (W) Operation",0,0.0,"",0.0,0.0,"Shearing",1.0,"","",1,0,"","Shearing Machine","","","","","","","","","","b5f6lsvn51",0.706,"Aluminium Sheet 2.5MM Thk Without Cladded","",1,"Aluminium Sheet 2.5MM Thk Without Cladded","Aluminium Sheet 2.5MM Thk Without Cladded","",0.706,1.0,"",0,0.706,"Kg"
"BOM-R215 Bottom Flyscreen Wire Mash 903X475-001","R215 Bottom Flyscreen Wire Mash 903X475","Teksons Pvt Ltd",1.0,"","INR",1.0,"AL-PP-0398C-G11","Nos",1,1,0,1,"","","Valuation Rate","Standard Buying","",1.0,1,"Work Order","",0,0.0,0.0,0.0,0.0,0.28,0.0,0.0,0.28,0.0,0.28,0.28,"R215 Bottom Flyscreen Wire Mesh 903X475","R215 Bottom Flyscreen Wire Mash 903X475",0,0,"",0,"bom-r215-bottom-flyscreen-wire-mash-903x475-001","","",0,1,"","","","","5fstedu5vp","MS",0.282,1.0,"Kg",0,0.28,0.28,1.0,"",1.0,0,0,"",1,1,"MS","MS","","","",0.282,"",0,0.282,"Kg","5fs4idtig8",0.0,0.0,1.0,0.0,"Rolling & Cutting",0,0.0,"",0.0,0.0,"Rolling & Cutting",1.0,"","",1,0,"","Manual Rolling and Cutting","","","","","","","","","","k0pbu9l9iv",0.282,"MS","",1,"MS","MS","",0.282,1.0,"",0,0.282,"Kg"
"BOM-R215 Bottom Flyscreen Center Plate 453X10X2-001","R215 Bottom Flyscreen Center Plate 453X10X2","Teksons Pvt Ltd",1.0,"","INR",1.0,"AL-PP-0398C-G10","Nos",1,1,0,1,"","","Valuation Rate","Standard Buying","INR",1.0,1,"Work Order","",0,0.0,0.0,0.0,0.0,0.07,0.0,0.0,0.07,0.0,0.07,0.07,"R215 Bottom Flyscreen Center Plate 453X10X2","R215 Bottom Flyscreen Center Plate 453X10X2",0,0,"",0,"bom-r215-bottom-flyscreen-center-plate-453x10x2-001","","",0,1,"","","","","5fseuof532","MS – 2MM Thk",0.071,1.0,"Kg",0,0.07,0.07,1.0,"",1.0,0,0,"",1,1,"MS – 2MM Thk","MS – 2MM Thk","","","",0.071,"",0,0.071,"Kg","5fs7thbmeo",0.0,0.0,1.0,0.0,"Shearing (W) Operation",0,0.0,"",0.0,0.0,"Shearing",1.0,"","",1,0,"","Shearing Machine","","","","","","","","","","ec160dek3e",0.071,"MS – 2MM Thk","",1,"MS – 2MM Thk","MS – 2MM Thk","",0.071,1.0,"",0,0.071,"Kg"
"BOM-R215 Bottom Flyscreen Assembly-001","R215 Bottom Flyscreen Assembly","Teksons Pvt Ltd",1.0,"","INR",1.0,"AL-PP-0398C-H24","Nos",1,1,0,1,"","","Valuation Rate","Standard Buying","",1.0,1,"Work Order","",0,0.0,0.0,0.0,0.0,4.5,0.0,0.0,4.5,0.0,4.5,4.5,"R215 Bottom Flyscreen Assembly","Bottom Flyscreen Assembly",0,0,"",0,"bom-r215-bottom-flyscreen-assembly-001","","",0,1,"","","","","5frf7hbphk","R215 Bottom Flyscreen Wire Mash 903X475",1.0,0.28,"Nos",0,0.28,0.28,0.28,"BOM-R215 Bottom Flyscreen Wire Mash 903X475-001",1.0,0,0,"",1,1,"R215 Bottom Flyscreen Wire Mash 903X475","R215 Bottom Flyscreen Wire Mesh 903X475","","","",1.0,"",0,1.0,"Nos","5fri12ns6d",0.0,0.0,1.0,0.0,"Assembly",0,0.0,"",0.0,0.0,"Assembly",1.0,"","",1,0,"","RA Assembly","","","","","","","","","","kocho0p9je",0.282,"MS","",1,"MS","MS","",0.282,1.0,"",0,0.282,"Kg"
"","","","","","","","","","","","","","","","","","","","","","","","","","","","","","","","","","","","","","","","","","","","","","","","","","5fr5470lpk","U Piece Angle-1 for Flyscreen - 910(L)*15(W)*7(T)",2.0,1.0,"Nos",0,2.0,2.0,1.0,"",1.0,0,0,"",1,1,"U Piece Angle-1 910(L)*15(W)*7(T)","U Piece Angle-1 for Flyscreen - 910(L)*15(W)*7(T)","","","",2.0,"",0,2.0,"Nos","5fr08po2k7",0.0,0.0,1.0,0.0,"Painting",0,0.0,"",0.0,0.0,"Painting",1.0,"","",1,0,"","RA Painting","","","","","","","","","","kocggmf8eg",0.206,"MS – 2MM Thk","",1,"MS – 2MM Thk","MS – 2MM Thk","",0.206,1.0,"",0,0.206,"Kg"
"","","","","","","","","","","","","","","","","","","","","","","","","","","","","","","","","","","","","","","","","","","","","","","","","","5fr2b2jlff","U Piece Angle-2 for Flyscreen - 529(W)*15(H)*7(T)",2.0,1.0,"Nos",0,2.0,2.0,1.0,"",1.0,0,0,"",1,1,"U Piece Angle-2 529(W)*15(H)*7(T)","U Piece Angle-2 for Flyscreen - 529(W)*15(H)*7(T)","","","",2.0,"",0,2.0,"Nos","","","","","","","","","","","","","","","","","","","","","","","","","","","","","kocb434pi4",2.0,"U Piece Angle-1 910(L)*15(W)*7(T)","",1,"U Piece Angle-1 for Flyscreen - 910(L)*15(W)*7(T)","U Piece Angle-1 for Flyscreen - 910(L)*15(W)*7(T)","",2.0,1.0,"",0,2.0,"Nos"
"","","","","","","","","","","","","","","","","","","","","","","","","","","","","","","","","","","","","","","","","","","","","","","","","","5frutgv2tl","R215 Bottom Flyscreen Center Plate 453X10X2",2.0,0.07,"Nos",0,0.14,0.14,0.07,"BOM-R215 Bottom Flyscreen Center Plate 453X10X2-001",1.0,0,0,"",1,1,"R215 Bottom Flyscreen Center Plate 453X10X2","R215 Bottom Flyscreen Center Plate 453X10X2","","","",2.0,"",0,2.0,"Nos","","","","","","","","","","","","","","","","","","","","","","","","","","","","","koc031gt9q",2.0,"U Piece Angle-2 529(W)*15(H)*7(T)","",1,"U Piece Angle-2 for Flyscreen - 529(W)*15(H)*7(T)","U Piece Angle-2 for Flyscreen - 529(W)*15(H)*7(T)","",2.0,1.0,"",0,2.0,"Nos"
"","","","","","","","","","","","","","","","","","","","","","","","","","","","","","","","","","","","","","","","","","","","","","","","","","5fre1pvalp","R215 Top and Bottom Flyscreen Mounting Plate 35X30X2",4.0,0.02,"Nos",0,0.08,0.08,0.02,"BOM-R215 Top and Bottom Flyscreen Mounting Plate 35X30X2-001",1.0,0,0,"",1,1,"Top &amp; Bottom Flyscreen Mtg Plate 35X30X2","R215 Top and Bottom Flyscreen Mounting Plate 35X30X2","","","",4.0,"",0,4.0,"Nos","","","","","","","","","","","","","","","","","","","","","","","","","","","","","","","","","","","","","","","","","",""
"BOM-R215 Bottom Cover Assembly-001","R215 Bottom Cover Assembly","Teksons Pvt Ltd",1.0,"","INR",1.0,"AL-PP-0398C-O06","Nos",1,1,0,1,"","","Valuation Rate","Standard Buying","",1.0,1,"Work Order","",0,0.0,0.0,0.0,0.0,1.0,0.0,0.0,1.0,0.0,1.0,1.0,"R215 Bottom Cover Assembly","R215 Bottom Cover Assy",0,0,"",0,"bom-r215-bottom-cover-assembly-001","","",0,1,"","","","","5fqgvgtct6","R215 Bottom Cover Assembly",1.0,1.0,"Nos",0,1.0,1.0,1.0,"",1.0,0,0,"",1,1,"R215 Bottom Cover Assy","R215 Bottom Cover Assembly","","","",1.0,"",0,1.0,"Nos","5fq03g1d39",0.0,0.0,1.0,0.0,"Painting",0,0.0,"",0.0,0.0,"Painting",1.0,"","",1,0,"","RA Painting","","","","","","","","","","jgn0urkj22",1.0,"R215 Bottom Cover Assy","",1,"R215 Bottom Cover Assembly","R215 Bottom Cover Assembly","",1.0,1.0,"",0,1.0,"Nos"
