"ID","Series","Status","Item To Manufacture","BOM No","Company","Qty To Manufacture","Target Warehouse","Planned Start Date","Item Name","Image","Sales Order","Material Transferred for Manufacturing","Manufactured Qty","Disassembled Qty","Process Loss Qty","Project","Allow Alternative Item","Use Multi-Level BOM","Skip Material Transfer to WIP Warehouse","Backflush Raw Materials From Work-in-Progress Warehouse","Update Consumed Material Cost In Project","Source Warehouse","Work-in-Progress Warehouse","Scrap Warehouse","Has Serial No","Has Batch No","Batch Size","Transfer Material Against","Planned End Date","Expected Delivery Date","Actual Start Date","Actual End Date","Lead Time","Planned Operating Cost","Actual Operating Cost","Additional Operating Cost","Corrective Operation Cost","Total Operating Cost","Item Description","Stock UOM","Material Request","Material Request Item","Sales Order Item","Production Plan","Production Plan Item","Production Plan Sub-assembly Item","Product Bundle Item","Amended From","ID (Required Items)","Allow Alternative Item (Required Items)","Amount (Required Items)","Available Qty at Source Warehouse (Required Items)","Available Qty at WIP Warehouse (Required Items)","Consumed Qty (Required Items)","Description (Required Items)","Include Item In Manufacturing (Required Items)","Item Code (Required Items)","Item Name (Required Items)","Operation (Required Items)","Rate (Required Items)","Required Qty (Required Items)","Returned Qty  (Required Items)","Source Warehouse (Required Items)","Stock UOM (Required Items)","Transferred Qty (Required Items)","ID (Operations)","Actual End Time (Operations)","Actual Operating Cost (Operations)","Actual Operation Time (Operations)","Actual Start Time (Operations)","Batch Size (Operations)","BOM (Operations)","Completed Qty (Operations)","Hour Rate (Operations)","Operation (Operations)","Operation Description (Operations)","Planned End Time (Operations)","Planned Operating Cost (Operations)","Planned Start Time (Operations)","Process Loss Qty (Operations)","Sequence ID (Operations)","Status (Operations)","Time (Operations)","Workstation (Operations)","Workstation Type (Operations)"
"WO/260714/0070","WO/.YY.MM.DD./.####.","Completed","Nut Cover for Condenser Mounting 43*30.3*1","BOM-Nut Cover for Condenser Mounting 43*30.3*1-001","Teksons Pvt Ltd",8.0,"WIP Warehouse - TPL","2026-07-14 00:00:00","Nut Cover for Condenser Mounting 43*30.3*1","","",8.0,8.0,0.0,0.0,"",1,0,0,0,1,"Raw Material Stores - TPL","WIP Warehouse - TPL","Scrap Stores - TPL",0,0,0.0,"Work Order","2026-07-14 00:26:00","","2026-07-16 09:56:05","2026-07-25 14:10:47",13214.7,0.0,0.0,0.0,0.0,0.0,"Nut Cover for Condenser Mounting 43*30.3*1","Nos","","","","PP/2607/29/0001","","suamhmujcu","","","t4tbta4d3v",0,0.08,4.046,0.0,0.08,"MS – 1 MM Thk",1,"MS – 1 MM Thk","MS – 1 MM Thk","",1.0,0.08,0.0,"BOF Stores - TPL","Kg",0.08,"t4taaoe1hf","2026-07-16 09:56:08",0.0,0.04998,"2026-07-16 09:56:05",1.0,"BOM-Nut Cover for Condenser Mounting 43*30.3*1-001",8.0,0.0,"Shearing","Shearing (W) Operation","",0.0,"",0.0,1,"Completed",8.0,"W Department","Accurate Cutting"
"","","","","","","","","","","","","","","","","","","","","","","","","","","","","","","","","","","","","","","","","","","","","","","","","","","","","","","","","","","","","","","","","","","t4t0vuci6m","2026-07-25 14:10:47",0.0,0.01668,"2026-07-25 14:10:46",1.0,"BOM-Nut Cover for Condenser Mounting 43*30.3*1-001",8.0,0.0,"Punching","Punching","",0.0,"",0.0,2,"Completed",8.0,"RP-26_Hydraulic Press","Corner Cutting, Punching, Folding and Blanking"
"WO/260714/0069","WO/.YY.MM.DD./.####.","Completed","R215 Top Flyscreen Covering Plate 910X30X1","BOM-R215 Top Flyscreen Covering Plate 910X30X1-001","Teksons Pvt Ltd",4.0,"WIP Warehouse - TPL","2026-07-14 00:00:00","R215 Top Flyscreen Covering Plate 910X30X1","","",4.0,4.0,0.0,0.0,"",1,0,0,0,1,"Raw Material Stores - TPL","WIP Warehouse - TPL","Scrap Stores - TPL",0,0,0.0,"Work Order","2026-07-14 00:04:00","","2026-07-16 09:55:51","2026-07-16 09:55:53",0.03336,0.0,0.0,0.0,0.0,0.0,"R215 Top Flyscreen Covering Plate 910X30X1","Nos","","","","PP/2607/29/0001","","suak9vmskd","","","t4t07qtq74",0,0.856,4.046,0.0,0.856,"MS – 1 MM Thk",1,"MS – 1 MM Thk","MS – 1 MM Thk","Shearing",1.0,0.856,0.0,"BOF Stores - TPL","Kg",0.856,"t4t6u213th","2026-07-16 09:55:53",0.0,0.03336,"2026-07-16 09:55:51",1.0,"BOM-R215 Top Flyscreen Covering Plate 910X30X1-001",4.0,0.0,"Shearing","Shearing (W) Operation","",0.0,"",0.0,1,"Completed",4.0,"W01_Shearing Machine","Shearing Machine"
"WO/260714/0068","WO/.YY.MM.DD./.####.","Completed","R215 Top Flyscreen Wire Mash 903X554","BOM-R215 Top Flyscreen Wire Mash 903X554-001","Teksons Pvt Ltd",4.0,"WIP Warehouse - TPL","2026-07-14 00:00:00","R215 Top Flyscreen Wire Mesh 903X554","","",4.0,4.0,0.0,0.0,"",1,0,0,0,1,"Raw Material Stores - TPL","WIP Warehouse - TPL","Scrap Stores - TPL",0,0,0.0,"Work Order","2026-07-14 00:04:00","","2026-07-25 13:55:52","2026-07-25 13:55:54",0.03336,0.0,0.0,0.0,0.0,0.0,"R215 Top Flyscreen Wire Mash 903X554","Nos","","","","PP/2607/29/0001","","sua2o8d986","","","t4s8556fp6",0,1.32,12.588,0.0,1.32,"MS",1,"MS","MS","Rolling & Cutting",1.0,1.32,0.0,"BOF Stores - TPL","Kg",1.32,"t4sig309rg","2026-07-25 13:55:54",0.0,0.03336,"2026-07-25 13:55:52",1.0,"BOM-R215 Top Flyscreen Wire Mash 903X554-001",4.0,0.0,"Rolling & Cutting","Rolling & Cutting","",0.0,"",0.0,1,"Completed",4.0,"Manual Rolling and Cutting","Manual Rolling and Cutting"
"WO/260714/0067","WO/.YY.MM.DD./.####.","Completed","R215 Top Flyscreen Assembly","BOM-R215 Top Flyscreen Assembly-001","Teksons Pvt Ltd",4.0,"WIP Warehouse - TPL","2026-07-14 00:00:00","R215 Top Flyscreen Assembly","","",4.0,4.0,0.0,0.0,"",1,0,0,0,1,"Raw Material Stores - TPL","WIP Warehouse - TPL","Scrap Stores - TPL",0,0,0.0,"Work Order","2026-07-14 00:18:00","","2026-07-16 21:50:42","2026-07-25 13:56:03",12485.35002,0.0,0.0,0.0,0.0,0.0,"Top Flyscreen Assembly","Nos","","","","PP/2607/29/0001","","sua5sr038c","","","t4s8uvfhtn",0,1.32,0.0,1.0,4.0,"R215 Top Flyscreen Wire Mash 903X554",1,"R215 Top Flyscreen Wire Mash 903X554","R215 Top Flyscreen Wire Mesh 903X554","",0.33,4.0,0.0,"BOF Stores - TPL","Nos",0.0,"t4solvt37o","2026-07-16 21:50:53",0.0,0.15,"2026-07-16 21:50:42",1.0,"BOM-R215 Top Flyscreen Assembly-001",4.0,0.0,"Assembly","Assembly","",0.0,"",0.0,1,"Completed",4.0,"RA-04_Hydraulic","RA Assembly"
"","","","","","","","","","","","","","","","","","","","","","","","","","","","","","","","","","","","","","","","","","","","","","","","","","t4sl3nbm7e",0,8.0,76.0,0.0,8.0,"U Piece Angle-1 910(L)*15(W)*7(T)",1,"U Piece Angle-1 for Flyscreen - 910(L)*15(W)*7(T)","U Piece Angle-1 for Flyscreen - 910(L)*15(W)*7(T)","",1.0,8.0,0.0,"BOF Stores - TPL","Nos",8.0,"t4s10rcs4r","2026-07-25 13:56:03",0.0,0.03336,"2026-07-25 13:56:01",1.0,"BOM-R215 Top Flyscreen Assembly-001",4.0,0.0,"Painting","Painting","",0.0,"",0.0,2,"Completed",4.0,"Spray Painting","RA Painting"
"","","","","","","","","","","","","","","","","","","","","","","","","","","","","","","","","","","","","","","","","","","","","","","","","","t4s8a2sjup",0,8.0,76.0,0.0,8.0,"U Piece Angle-2 529(W)*15(H)*7(T)",1,"U Piece Angle-2 for Flyscreen - 529(W)*15(H)*7(T)","U Piece Angle-2 for Flyscreen - 529(W)*15(H)*7(T)","",1.0,8.0,0.0,"BOF Stores - TPL","Nos",8.0,"","","","","","","","","","","","","","","","","","","",""
"","","","","","","","","","","","","","","","","","","","","","","","","","","","","","","","","","","","","","","","","","","","","","","","","","t4seqrd77f",0,0.32,0.0,8.0,16.0,"Top &amp; Bottom Flyscreen Mtg Plate 35X30X2",1,"R215 Top and Bottom Flyscreen Mounting Plate 35X30X2","R215 Top and Bottom Flyscreen Mounting Plate 35X30X2","",0.02,16.0,0.0,"BOF Stores - TPL","Nos",0.0,"","","","","","","","","","","","","","","","","","","",""
"","","","","","","","","","","","","","","","","","","","","","","","","","","","","","","","","","","","","","","","","","","","","","","","","","t4sde12ke4",0,0.84,0.0,1.0,4.0,"R215 Top Flyscreen Covering Plate 910X30X1",1,"R215 Top Flyscreen Covering Plate 910X30X1","R215 Top Flyscreen Covering Plate 910X30X1","",0.21,4.0,0.0,"BOF Stores - TPL","Nos",0.0,"","","","","","","","","","","","","","","","","","","",""
"WO/260714/0066","WO/.YY.MM.DD./.####.","Completed","R215 Top Cover Assembly","BOM-R215 Top Cover Assembly-001","Teksons Pvt Ltd",4.0,"WIP Warehouse - TPL","2026-07-14 00:00:00","R215 Top Cover Assembly","","",4.0,4.0,0.0,0.0,"",1,0,0,0,1,"Raw Material Stores - TPL","WIP Warehouse - TPL","Scrap Stores - TPL",0,0,0.0,"Work Order","2026-07-14 00:04:00","","2026-07-25 13:55:43","2026-07-25 13:55:45",0.03336,0.0,0.0,0.0,0.0,0.0,"R215 Top Cover Assy","Nos","","","","PP/2607/29/0001","","suaqd7prl2","","","t4sfv6dave",0,4.0,19.0,1.0,4.0,"R215 Top Cover Assy",1,"R215 Top Cover Assembly","R215 Top Cover Assembly","Painting",1.0,4.0,0.0,"BOF Stores - TPL","Nos",4.0,"t4sk8qdb9n","2026-07-25 13:55:45",0.0,0.03336,"2026-07-25 13:55:43",1.0,"BOM-R215 Top Cover Assembly-001",4.0,0.0,"Painting","Painting","",0.0,"",0.0,1,"Completed",4.0,"Spray Painting","RA Painting"
"WO/260714/0065","WO/.YY.MM.DD./.####.","Completed","R215 Radiator Drain Pipe Od∅10 X 17 Lgx 3","BOM-Radiator Drain Pipe-001","Teksons Pvt Ltd",4.0,"WIP Warehouse - TPL","2026-07-14 00:00:00","R215 Radiator Drain Pipe Od∅10 X 17 Lgx 3","","",4.0,4.0,0.0,0.0,"",1,0,0,0,1,"Raw Material Stores - TPL","WIP Warehouse - TPL","Scrap Stores - TPL",0,0,0.0,"Work Order","2026-07-14 00:04:00","","2026-07-25 14:02:40","2026-07-25 14:02:41",0.01668,0.0,0.0,0.0,0.0,0.0,"R215 Radiator Drain Pipe Od∅10 X 17 Lgx 3","Nos","","","","PP/2607/29/0001","","suad107onl","","","t4sbl8nh7b",0,2.116e-05,0.038,0.0,0.009,"Aluminium Pipe OD⌀10*ID⌀6*17L",1,"Aluminium Pipe OD⌀10*ID⌀6*17L","Aluminium Pipe OD⌀10*ID⌀6*17L","Cutting",0.0023,0.0092,0.0,"BOF Stores - TPL","Kg",0.009,"t4spuguh4k","2026-07-25 14:02:41",0.0,0.01668,"2026-07-25 14:02:40",1.0,"BOM-Radiator Drain Pipe-001",4.0,0.0,"Cutting","Cutting","",0.0,"",0.0,1,"Completed",4.0,"Manual Cutting","Weld_Manual Cutting"
"WO/260714/0064","WO/.YY.MM.DD./.####.","Completed","R215 RAD Top Tank","BOM-RAD Top Tank-001","Teksons Pvt Ltd",4.0,"WIP Warehouse - TPL","2026-07-14 00:00:00","R215 RAD Top Tank","","",4.0,4.0,0.0,0.0,"",1,0,0,0,1,"Raw Material Stores - TPL","WIP Warehouse - TPL","Scrap Stores - TPL",0,0,0.0,"Work Order","2026-07-14 00:04:00","","2026-07-25 13:58:09","2026-07-25 13:58:11",0.03336,0.0,0.0,0.0,0.0,0.0,"<div><p>R215 RAD Top Tank</p></div>","Nos","","","","PP/2607/29/0001","","sua955elf4","","","t4sk1nk4bl",1,16.0,68.0,0.0,16.0,"Helicoil Insert",1,"Helicoil Insert M10 X 1.5 X 15 Mm","Helicoil Insert M10 X 1.5 X 15 Mm","Helicoil Insert",1.0,16.0,0.0,"Raw Material Stores - TPL","Nos",16.0,"t4sv9hj2aa","2026-07-25 13:58:11",0.0,0.03336,"2026-07-25 13:58:09",1.0,"BOM-RAD Top Tank-001",4.0,0.0,"Helicoil Insert","Helicoil Inserting","",0.0,"",0.0,1,"Completed",4.0,"01_Helicoil and Tapping","Helicoil & Tapping"
"","","","","","","","","","","","","","","","","","","","","","","","","","","","","","","","","","","","","","","","","","","","","","","","","","t4s5374l9r",0,9.8,0.0,2.0,4.0,"RAD Top &amp; Bottom Tank",1,"R215 RAD Top and Bottom Tank","R215 RAD Top and Bottom Tank","Helicoil Insert",2.45,4.0,0.0,"BOF Stores - TPL","Nos",0.0,"","","","","","","","","","","","","","","","","","","",""
"WO/260714/0063","WO/.YY.MM.DD./.####.","In Process","R215 RAD Top Tank Sub Assy","BOM-R215 RAD Top Tank Sub Assy-001","Teksons Pvt Ltd",4.0,"WIP Warehouse - TPL","2026-07-14 00:00:00","R215 RAD Top Tank Sub Assy","","",4.0,0.0,0.0,0.0,"",1,0,0,0,1,"Raw Material Stores - TPL","WIP Warehouse - TPL","Scrap Stores - TPL",0,0,0.0,"Work Order","2026-07-14 00:04:00","","2026-07-25 14:02:29","2026-07-25 14:02:31",0.03336,0.0,0.0,0.0,0.0,0.0,"RAD Top Tank Sub Assy","Nos","","","","PP/2607/29/0001","","suaoeivsss","","","t4rauuutfo",0,1.333333336,0.0,4.0,0.0,"Tank End Plate 97*62*5",1,"Tank End Plate 97*62*5","Tank End Plate 97*62*5","Tank Assembly",0.166666667,8.0,0.0,"BOF Stores - TPL","Nos",0.0,"t4r0rcfk51","2026-07-25 14:02:31",0.0,0.03336,"2026-07-25 14:02:29",1.0,"BOM-R215 RAD Top Tank Sub Assy-001",4.0,0.0,"Tank Assembly","Tank Assembly","",0.0,"",0.0,1,"Completed",4.0,"ALU-M-08_Mig Welding Machine","Mig Welding"
"","","","","","","","","","","","","","","","","","","","","","","","","","","","","","","","","","","","","","","","","","","","","","","","","","t4rnqvajmq",0,4.0,19.0,0.0,0.0,"Filler Neck 14PSI",1,"Filler Neck 14PSI","Filler Neck 14PSI","Tank Assembly",1.0,4.0,0.0,"BOF Stores - TPL","Nos",4.0,"","","","","","","","","","","","","","","","","","","",""
"","","","","","","","","","","","","","","","","","","","","","","","","","","","","","","","","","","","","","","","","","","","","","","","","","t4rhpbn259",0,4.0,19.0,0.0,0.0,"Filler Neck Over Flow Pipe",1,"Filler Neck Over Flow Pipe","Filler Neck Over Flow Pipe","Tank Assembly",1.0,4.0,0.0,"BOF Stores - TPL","Nos",4.0,"","","","","","","","","","","","","","","","","","","",""
"","","","","","","","","","","","","","","","","","","","","","","","","","","","","","","","","","","","","","","","","","","","","","","","","","t4r90ilebo",0,0.72,0.0,2.0,0.0,"RAD Inlet and Outlet Pipe",1,"R215 RAD Inlet and Outlet Pipe","R215 RAD Inlet and Outlet Pipe","Tank Assembly",0.18,4.0,0.0,"BOF Stores - TPL","Nos",0.0,"","","","","","","","","","","","","","","","","","","",""
"","","","","","","","","","","","","","","","","","","","","","","","","","","","","","","","","","","","","","","","","","","","","","","","","","t4rd04pcpu",0,25.8,0.0,1.0,0.0,"RAD Top Tank",1,"R215 RAD Top Tank","R215 RAD Top Tank","Tank Assembly",6.45,4.0,0.0,"BOF Stores - TPL","Nos",0.0,"","","","","","","","","","","","","","","","","","","",""
"WO/260714/0062","WO/.YY.MM.DD./.####.","Not Started","Tank End Plate 97*62*5","BOM-Tank End Plate 97*62*5-001","Teksons Pvt Ltd",18.0,"WIP Warehouse - TPL","2026-07-14 00:00:00","Tank End Plate 97*62*5","","",0.0,0.0,0.0,0.0,"",1,0,0,0,1,"Raw Material Stores - TPL","WIP Warehouse - TPL","Scrap Stores - TPL",0,0,0.0,"Work Order","2026-07-14 00:03:00","","","",0.0,0.0,0.0,0.0,0.0,0.0,"Tank End Plate 97*62*5","Nos","","","","PP/2607/29/0001","","suaa0ek464","","","0rgm86bj43",0,3.0,0.0,0.0,0.0,"Tank end plate for Extrusion no 0253OC-ALU-2-0005",1,"Tank End Plate 70*5*595","Tank End Plate 70*5*595","Blanking",1.0,3.0,0.0,"BOF Stores - TPL","Nos",0.0,"0rgmgkfkun","",0.0,0.0,"",1.0,"BOM-Tank End Plate 97*62*5-001",0.0,0.0,"Blanking","Blanking","",0.0,"",0.0,1,"Pending",3.0,"","Corner Cutting, Punching, Folding and Blanking"
"WO/260714/0061","WO/.YY.MM.DD./.####.","Completed","R215 RAD Inlet and Outlet Pipe","BOM-RAD Inlet and Outlet Pipe-001","Teksons Pvt Ltd",8.0,"WIP Warehouse - TPL","2026-07-14 00:00:00","R215 RAD Inlet and Outlet Pipe","","",8.0,8.0,0.0,0.0,"",1,0,0,0,1,"Raw Material Stores - TPL","WIP Warehouse - TPL","Scrap Stores - TPL",0,0,0.0,"Work Order","2026-07-14 00:08:00","","2026-07-25 14:03:06","2026-07-25 14:03:07",0.01668,0.0,0.0,0.0,0.0,0.0,"RAD Inlet and Outlet Pipe","Nos","","","","PP/2607/29/0001","","suaku8941r","","","t4rnk00m69",0,1.44,6.88,0.0,1.44,"Aluminium Pipe 48.6*5MM Thk",1,"Aluminium Pipe 48.6*5MM Thk","Aluminium Pipe 48.6*5MM Thk","Cutting",1.0,1.44,0.0,"BOF Stores - TPL","Kg",1.44,"t4rndbk0pg","2026-07-25 14:03:07",0.0,0.01668,"2026-07-25 14:03:06",1.0,"BOM-RAD Inlet and Outlet Pipe-001",8.0,0.0,"Cutting","Cutting","",0.0,"",0.0,1,"Completed",8.0,"Manual Cutting","Weld_Manual Cutting"
"WO/260714/0060","WO/.YY.MM.DD./.####.","Completed","R215 RAD Top and Bottom Tank","BOM-R215 RAD Top and Bottom Tank-001","Teksons Pvt Ltd",8.0,"WIP Warehouse - TPL","2026-07-14 00:00:00","R215 RAD Top and Bottom Tank","","",8.0,8.0,0.0,0.0,"",1,0,0,0,1,"Raw Material Stores - TPL","WIP Warehouse - TPL","Scrap Stores - TPL",0,0,0.0,"Work Order","2026-07-14 00:08:00","","2026-07-16 10:04:10","2026-07-16 10:04:12",0.03336,0.0,0.0,0.0,0.0,0.0,"RAD Top &amp; Bottom Tank","Nos","","","","PP/2607/29/0001","","suacvp4ib1","","","t4r810eohl",0,48.02,93.1,0.0,19.6,"Aluminium Extrusion No 0253OC-ALU-2-0005 70(H)*113(W)*7.5(T)*345LG",1,"Aluminium Extrusion No 0253OC-ALU-2-0005 70(H)*113(W)*7.5(T)*345LG","Aluminium Extrusion No 0253OC-ALU-2-0005 70(H)*113(W)*7.5(T)*345LG","Size Cutting",2.45,19.6,0.0,"BOF Stores - TPL","Kg",19.6,"t4ropbuaok","2026-07-16 10:04:12",0.0,0.03336,"2026-07-16 10:04:10",1.0,"BOM-R215 RAD Top and Bottom Tank-001",8.0,0.0,"Size Cutting","Size Cutting","",0.0,"",0.0,1,"Completed",8.0,"W-26_Accurate Cutting Machine","Accurate Cutting"
"WO/260714/0059","WO/.YY.MM.DD./.####.","Completed","R215 RAD Bottom Tank","BOM-Rad Bottom Tank-002","Teksons Pvt Ltd",4.0,"WIP Warehouse - TPL","2026-07-14 00:00:00","R215 RAD Bottom Tank","","",4.0,4.0,0.0,0.0,"",1,0,0,0,1,"Raw Material Stores - TPL","WIP Warehouse - TPL","Scrap Stores - TPL",0,0,0.0,"Work Order","2026-07-14 00:04:00","","2026-07-25 14:02:19","2026-07-25 14:02:20",0.01668,0.0,0.0,0.0,0.0,0.0,"<div><p>R215 RAD Bottom Tank</p></div>","Nos","","","","PP/2607/29/0001","","sua9n2mdqu","","","t4rkhpjvmt",0,9.8,0.0,2.0,4.0,"RAD Top &amp; Bottom Tank",1,"R215 RAD Top and Bottom Tank","R215 RAD Top and Bottom Tank","Helicoil Insert",2.45,4.0,0.0,"BOF Stores - TPL","Nos",0.0,"t4rgc3qqf6","2026-07-25 14:02:20",0.0,0.01668,"2026-07-25 14:02:19",1.0,"BOM-Rad Bottom Tank-002",4.0,0.0,"Helicoil Insert","Helicoil Inserting","",0.0,"",0.0,1,"Completed",4.0,"01_Helicoil and Tapping","Helicoil & Tapping"
"","","","","","","","","","","","","","","","","","","","","","","","","","","","","","","","","","","","","","","","","","","","","","","","","","t4rq875ub3",1,16.0,68.0,0.0,16.0,"Helicoil Insert",1,"Helicoil Insert M10 X 1.5 X 15 Mm","Helicoil Insert M10 X 1.5 X 15 Mm","Helicoil Insert",1.0,16.0,0.0,"Raw Material Stores - TPL","Nos",16.0,"","","","","","","","","","","","","","","","","","","",""
"WO/260714/0058","WO/.YY.MM.DD./.####.","Not Started","R215 RAD Bottom Tank Sub Assy","BOM-Rad Bottom Tank Sub Assy-002","Teksons Pvt Ltd",4.0,"WIP Warehouse - TPL","2026-07-14 00:00:00","R215 RAD Bottom Tank Sub Assy","","",0.0,0.0,0.0,0.0,"",1,0,0,0,1,"Raw Material Stores - TPL","WIP Warehouse - TPL","Scrap Stores - TPL",0,0,0.0,"Work Order","2026-07-14 00:04:00","","2026-07-25 14:03:54","2026-07-25 14:03:56",0.03336,0.0,0.0,0.0,0.0,0.0,"Rad Bottom Tank Sub Assy","Nos","","","","PP/2607/29/0001","","sua3kg61ls","","","t4q17n3cgl",0,25.8,0.0,1.0,0.0,"Rad Bottom Tank",1,"R215 RAD Bottom Tank","R215 RAD Bottom Tank","Tank Assembly",6.45,4.0,0.0,"BOF Stores - TPL","Nos",0.0,"t4q7ejcs0k","2026-07-25 14:03:56",0.0,0.03336,"2026-07-25 14:03:54",1.0,"BOM-Rad Bottom Tank Sub Assy-002",4.0,0.0,"Tank Assembly","Tank Assembly","",0.0,"",0.0,1,"Completed",4.0,"ALU-M-08_Mig Welding Machine","Mig Welding"
"","","","","","","","","","","","","","","","","","","","","","","","","","","","","","","","","","","","","","","","","","","","","","","","","","t4qppp5tj0",0,0.72,0.0,2.0,0.0,"RAD Inlet and Outlet Pipe",1,"R215 RAD Inlet and Outlet Pipe","R215 RAD Inlet and Outlet Pipe","Tank Assembly",0.18,4.0,0.0,"BOF Stores - TPL","Nos",0.0,"","","","","","","","","","","","","","","","","","","",""
"","","","","","","","","","","","","","","","","","","","","","","","","","","","","","","","","","","","","","","","","","","","","","","","","","t4q9palda7",0,1.333333336,0.0,4.0,0.0,"Tank End Plate 97*62*5",1,"Tank End Plate 97*62*5","Tank End Plate 97*62*5","Tank Assembly",0.166666667,8.0,0.0,"BOF Stores - TPL","Nos",0.0,"","","","","","","","","","","","","","","","","","","",""
"WO/260714/0057","WO/.YY.MM.DD./.####.","Completed","Turbulator 0.2*300*96.0","BOM-Turbulator 0.2*300*96.0-001","Teksons Pvt Ltd",288.0,"WIP Warehouse - TPL","2026-07-14 00:00:00","Turbulator 0.2*300*96.0","","",288.0,288.0,0.0,0.0,"",1,0,0,0,1,"Raw Material Stores - TPL","WIP Warehouse - TPL","Scrap Stores - TPL",0,0,0.0,"Work Order","2026-07-14 04:48:00","","2026-07-25 13:46:27","2026-07-25 13:46:30",0.04998,0.0,0.0,0.0,0.0,0.0,"Turbulator for RAD 0.2*300*96.0","Nos","","","","PP/2607/29/0001","","sua3ipadvj","","","t4q2h8iahd",0,8.352,39.672,0.0,8.352,"Aluminium Coil 0.2×300",1,"Aluminium Coil 0.2×300","Aluminium Coil 0.2×300","Turbu Forming",1.0,8.352,0.0,"BOF Stores - TPL","Kg",8.352,"t4q2lh4ilu","2026-07-25 13:46:30",0.0,0.04998,"2026-07-25 13:46:27",1.0,"BOM-Turbulator 0.2*300*96.0-001",288.0,0.0,"Turbu Forming","Turbu Forming & Cutting","",0.0,"",0.0,1,"Completed",288.0,"AL-M-41_Turbulator Machine","Turbulator Forming and Cutting"
"WO/260714/0056","WO/.YY.MM.DD./.####.","Completed","Turbulator 0.2*250*96.0","BOM-Turbulator 0.2*250*96.0-001","Teksons Pvt Ltd",48.0,"WIP Warehouse - TPL","2026-07-14 00:00:00","Turbulator 0.2*250*96.0","","",48.0,48.0,0.0,0.0,"",1,0,0,0,1,"Raw Material Stores - TPL","WIP Warehouse - TPL","Scrap Stores - TPL",0,0,0.0,"Work Order","2026-07-14 00:48:00","","2026-07-25 13:46:17","2026-07-25 13:46:19",0.03336,0.0,0.0,0.0,0.0,0.0,"Turbulator 0.2*250*96.0","Nos","","","","PP/2607/29/0001","","suadbqksrd","","","t4q0aonjrf",0,1.152,5.472,0.0,1.152,"Aluminium Coil 0.2×250 Thk",1,"Aluminium Coil 0.2×250 Thk","Aluminium Coil 0.2×250 Thk","Turbu Forming",1.0,1.152,0.0,"BOF Stores - TPL","Kg",1.152,"t4qo0uav6m","2026-07-25 13:46:19",0.0,0.03336,"2026-07-25 13:46:17",1.0,"BOM-Turbulator 0.2*250*96.0-001",48.0,0.0,"Turbu Forming","Turbu Forming & Cutting","",0.0,"",0.0,1,"Completed",48.0,"AL-M-41_Turbulator Machine","Turbulator Forming and Cutting"
"WO/260714/0055","WO/.YY.MM.DD./.####.","Completed","R215 RAD Tube Sheet 0.6*110*1021","BOM-Tube sheet for RAD 0.6*110*1021-001","Teksons Pvt Ltd",200.0,"WIP Warehouse - TPL","2026-07-14 00:00:00","R215 RAD Tube Sheet 0.6*110*1021","","",200.0,200.0,0.0,0.0,"",1,0,0,0,1,"Raw Material Stores - TPL","WIP Warehouse - TPL","Scrap Stores - TPL",0,0,0.0,"Work Order","2026-07-14 03:20:00","","2026-07-25 13:46:06","2026-07-25 13:46:09",0.04998,0.0,0.0,0.0,0.0,0.0,"Tube sheet for RAD 0.6*110*1021","Nos","","","","PP/2607/29/0001","","suath7ojqs","","","t4qc2lon60",0,36.8,231.8,0.0,36.8,"Aluminium Coil 0.6*110MM Thk",1,"Aluminium Coil 0.6*110MM","Aluminium Coil 0.6*110MM","Tube Sheet Cutting",1.0,36.8,0.0,"BOF Stores - TPL","Kg",36.8,"t4qo166h7u","2026-07-25 13:46:09",0.0,0.04998,"2026-07-25 13:46:06",1.0,"BOM-Tube sheet for RAD 0.6*110*1021-001",200.0,0.0,"Tube Sheet Cutting","Tube Sheet Cutting","",0.0,"",0.0,1,"Completed",200.0,"Cut To Length","Cut To Length"
"WO/260714/0054","WO/.YY.MM.DD./.####.","Completed","R215 Fin For RAD 0.2*110*991","BOM-R215 Fin For RAD 0.2*110*991-001","Teksons Pvt Ltd",76.0,"WIP Warehouse - TPL","2026-07-14 00:00:00","R215 Fin For RAD 0.2*110*991","","",76.0,76.0,0.0,0.0,"",1,0,0,0,1,"Raw Material Stores - TPL","WIP Warehouse - TPL","Scrap Stores - TPL",0,0,0.0,"Work Order","2026-07-14 01:16:00","","2026-07-25 13:45:56","2026-07-25 13:45:58",0.03336,0.0,0.0,0.0,0.0,0.0,"Fin For RAD 0.2*110*991","Nos","","","","PP/2607/29/0001","","suadg4ekkp","","","t4qkiqq9iu",0,17.556,107.901,0.0,17.556,"Aluminium Coil 0.2*110",1,"Aluminium Coil 0.2*110","Aluminium Coil 0.2*110","Fin Forming",1.0,17.556,0.0,"BOF Stores - TPL","Kg",17.556,"t4qpmgg570","2026-07-25 13:45:58",0.0,0.03336,"2026-07-25 13:45:56",1.0,"BOM-R215 Fin For RAD 0.2*110*991-001",76.0,0.0,"Fin Forming","Fin Forming","",0.0,"",0.0,1,"Completed",76.0,"AL-M-16_Zig-Zag Fin Machine","Fin Forming and Cutting"
"WO/260714/0053","WO/.YY.MM.DD./.####.","Completed","R215 RAD Core End Plate2.5X110X1021","BOM-R215 RAD Core End Plate2.5X110X1021-001","Teksons Pvt Ltd",8.0,"WIP Warehouse - TPL","2026-07-14 00:00:00","R215 RAD Core End Plate2.5X110X1021","","",0.0,8.0,0.0,0.0,"",1,0,0,0,1,"Raw Material Stores - TPL","WIP Warehouse - TPL","Scrap Stores - TPL",0,0,0.0,"Work Order","2026-07-14 00:08:00","","2026-07-25 13:52:47","2026-07-25 13:52:49",0.03336,0.0,0.0,0.0,0.0,0.0,"R215 RAD Core End Plate2.5X110X1021","Nos","","","","PP/2607/29/0001","","suadg2eqcq","","","t4pgr1oj2f",0,6.16,97.0,3.0,8.0,"R215 Core End Plate For OC &amp; RAD 2.5X110X1021",1,"R215 OC and RAD Core End Plate2.5X110X1021","R215 OC and RAD Core End Plate2.5X110X1021","Sr. No. Punching",0.77,8.0,0.0,"BOF Stores - TPL","Nos",0.0,"t4ppbk3jrq","2026-07-25 13:52:49",0.0,0.03336,"2026-07-25 13:52:47",1.0,"BOM-R215 RAD Core End Plate2.5X110X1021-001",8.0,0.0,"Sr. No. Punching","Sr. No. Punching","",0.0,"",0.0,1,"Completed",8.0,"RP-36_Hydro Pneumatic Press Machine","Sr. No. Punching"
"WO/260714/0052","WO/.YY.MM.DD./.####.","Not Started","R215 RAD Core","BOM-R215 RAD Core-001","Teksons Pvt Ltd",4.0,"WIP Warehouse - TPL","2026-07-14 00:00:00","R215 RAD Core","","",0.0,0.0,0.0,0.0,"",1,0,0,0,1,"Raw Material Stores - TPL","WIP Warehouse - TPL","Scrap Stores - TPL",0,0,0.0,"Work Order","2026-07-14 00:18:00","","2026-07-25 12:25:36","2026-07-25 13:48:47",83.18334,0.0,0.0,0.0,0.0,0.0,"Core Assembly for RAD","Nos","","","","PP/2607/29/0001","","sua3sjlt2a","","","t4prj7sbvn",0,6.16,0.0,4.0,0.0,"R215 RAD Core End Plate2.5X110X1021",1,"R215 RAD Core End Plate2.5X110X1021","R215 RAD Core End Plate2.5X110X1021","",0.77,8.0,0.0,"BOF Stores - TPL","Nos",0.0,"t4pvc9915i","2026-07-25 12:25:44",0.0,0.13332,"2026-07-25 12:25:36",1.0,"BOM-R215 RAD Core-001",4.0,0.0,"Core Assembly","Core Assembly","",0.0,"",0.0,1,"Completed",4.0,"01_Fixing Table","Core Fixing"
"","","","","","","","","","","","","","","","","","","","","","","","","","","","","","","","","","","","","","","","","","","","","","","","","","t4pe8l05ld",0,11.52,0.0,126.0,0.0,"Extruded Bar for OC and RAD 3*7*1021",1,"Extruded Bar for OC and RAD 3*7*1021","Extruded Bar for OC and RAD 3*7*1021","",0.06,192.0,0.0,"BOF Stores - TPL","Nos",0.0,"t4pp13gg8a","2026-07-25 13:48:47",0.0,0.25002,"2026-07-25 13:48:32",1.0,"BOM-R215 RAD Core-001",4.0,0.0,"Core Brazing","Core Brazing","",0.0,"",0.0,2,"Completed",4.0,"Brazing Furnace","Brazing Furnace"
"","","","","","","","","","","","","","","","","","","","","","","","","","","","","","","","","","","","","","","","","","","","","","","","","","t4pgkht72h",0,8.4,0.0,33.0,0.0,"Fin For OC 0.3*110*991",1,"R215 Fin For OC 0.3*110*991","R215 Fin For OC 0.3*110*991","",0.35,24.0,0.0,"BOF Stores - TPL","Nos",0.0,"","","","","","","","","","","","","","","","","","","",""
"","","","","","","","","","","","","","","","","","","","","","","","","","","","","","","","","","","","","","","","","","","","","","","","","","t4pdca8bnf",0,17.48,0.0,19.0,0.0,"Fin For RAD 0.2*110*991",1,"R215 Fin For RAD 0.2*110*991","R215 Fin For RAD 0.2*110*991","",0.23,76.0,0.0,"BOF Stores - TPL","Nos",0.0,"","","","","","","","","","","","","","","","","","","",""
"","","","","","","","","","","","","","","","","","","","","","","","","","","","","","","","","","","","","","","","","","","","","","","","","","t4psku42bn",0,8.0,0.0,229.0,0.0,"Spacer Bar 9.5×15×110",1,"Spacer Bar 9.5×15×110","Spacer Bar 9.5×15×110","",0.04,200.0,0.0,"BOF Stores - TPL","Nos",0.0,"","","","","","","","","","","","","","","","","","","",""
"","","","","","","","","","","","","","","","","","","","","","","","","","","","","","","","","","","","","","","","","","","","","","","","","","t4p13k3iio",0,36.0,0.0,50.0,0.0,"Tube sheet for RAD 0.6*110*1021",1,"R215 RAD Tube Sheet 0.6*110*1021","R215 RAD Tube Sheet 0.6*110*1021","",0.18,200.0,0.0,"BOF Stores - TPL","Nos",0.0,"","","","","","","","","","","","","","","","","","","",""
"","","","","","","","","","","","","","","","","","","","","","","","","","","","","","","","","","","","","","","","","","","","","","","","","","t4pudk81an",0,0.96,0.0,12.0,0.0,"Turbulator 0.2*250*96.0",1,"Turbulator 0.2*250*96.0","Turbulator 0.2*250*96.0","",0.02,48.0,0.0,"BOF Stores - TPL","Nos",0.0,"","","","","","","","","","","","","","","","","","","",""
"","","","","","","","","","","","","","","","","","","","","","","","","","","","","","","","","","","","","","","","","","","","","","","","","","t4pggg759u",0,8.64,0.0,72.0,0.0,"Turbulator for RAD 0.2*300*96.0",1,"Turbulator 0.2*300*96.0","Turbulator 0.2*300*96.0","",0.03,288.0,0.0,"BOF Stores - TPL","Nos",0.0,"","","","","","","","","","","","","","","","","","","",""
"WO/260714/0051","WO/.YY.MM.DD./.####.","In Process","R215 RAD","BOM-Radiator-001","Teksons Pvt Ltd",4.0,"WIP Warehouse - TPL","2026-07-14 00:00:00","R215 RAD","","",4.0,0.0,0.0,0.0,"",1,0,0,0,1,"Raw Material Stores - TPL","WIP Warehouse - TPL","Scrap Stores - TPL",0,0,0.0,"Work Order","2026-07-14 00:32:00","","2026-07-25 14:03:18","2026-07-25 14:08:25",5.11668,0.0,0.0,0.0,0.0,0.0,"Radiator","Nos","","","","PP/2607/29/0001","","sua1vt3pvh","","","t4pji1ckg3",0,97.16,0.0,1.0,0.0,"Core Assembly for RAD",1,"R215 RAD Core","R215 RAD Core","",24.29,4.0,0.0,"Stores - TPL","Nos",0.0,"t4p9c2lkkj","2026-07-25 14:03:21",0.0,0.04998,"2026-07-25 14:03:18",1.0,"BOM-Radiator-001",4.0,0.0,"Tank To Core","Tank To Core Tack Weld","",0.0,"",0.0,1,"Completed",4.0,"ALU-M-08_Mig Welding Machine","Mig Welding"
"","","","","","","","","","","","","","","","","","","","","","","","","","","","","","","","","","","","","","","","","","","","","","","","","","t4pg3vo9do",0,4.0,38.0,0.0,0.0,"Drain Plug",1,"Drain Plug","Drain Plug","",1.0,4.0,0.0,"BOF Stores - TPL","Nos",4.0,"t4p165mg15","2026-07-25 14:07:55",0.0,0.01668,"2026-07-25 14:07:54",1.0,"BOM-Radiator-001",4.0,0.0,"Angle Assembly","Angle Assembly","",0.0,"",0.0,2,"Completed",4.0,"ALU-M-08_Mig Welding Machine","Mig Welding"
"","","","","","","","","","","","","","","","","","","","","","","","","","","","","","","","","","","","","","","","","","","","","","","","","","t4ph244dh4",0,27.88,0.0,1.0,0.0,"Rad Bottom Tank Sub Assy",1,"R215 RAD Bottom Tank Sub Assy","R215 RAD Bottom Tank Sub Assy","",6.97,4.0,0.0,"BOF Stores - TPL","Nos",0.0,"t4ph12udsj","2026-07-25 14:08:25",0.0,0.01668,"2026-07-25 14:08:24",1.0,"BOM-Radiator-001",4.0,0.0,"Leak Testing","Leak Testing (Wet)","",0.0,"",0.0,3,"Completed",4.0,"01_Leak Test Tank","Leak Test"
"","","","","","","","","","","","","","","","","","","","","","","","","","","","","","","","","","","","","","","","","","","","","","","","","","t4plofl006",0,35.88,0.0,1.0,0.0,"RAD Top Tank Sub Assy",1,"R215 RAD Top Tank Sub Assy","R215 RAD Top Tank Sub Assy","",8.97,4.0,0.0,"BOF Stores - TPL","Nos",0.0,"","","","","","","","","","","","","","","","","","","",""
"","","","","","","","","","","","","","","","","","","","","","","","","","","","","","","","","","","","","","","","","","","","","","","","","","t4pvri3396",0,4.0,20.0,1.0,0.0,"RAD Drain Bush",1,"RAD Drain Bush","RAD Drain Bush","",1.0,4.0,0.0,"BOF Stores - TPL","Nos",4.0,"","","","","","","","","","","","","","","","","","","",""
"","","","","","","","","","","","","","","","","","","","","","","","","","","","","","","","","","","","","","","","","","","","","","","","","","t4pbp84f6l",0,0.0,0.0,1.0,0.0,"Radiator Drain Pipe",1,"R215 Radiator Drain Pipe Od∅10 X 17 Lgx 3","R215 Radiator Drain Pipe Od∅10 X 17 Lgx 3","",0.0,4.0,0.0,"BOF Stores - TPL","Nos",0.0,"","","","","","","","","","","","","","","","","","","",""
"WO/260714/0050","WO/.YY.MM.DD./.####.","Completed","OC Inlet & Outlet Block 101X66X30","BOM-OC Inlet & Outlet Block 101X66X30-001","Teksons Pvt Ltd",8.0,"WIP Warehouse - TPL","2026-07-14 00:00:00","OC Inlet & Outlet Block 101X66X30","","",8.0,8.0,0.0,0.0,"",1,0,0,0,1,"Raw Material Stores - TPL","WIP Warehouse - TPL","Scrap Stores - TPL",0,0,0.0,"Work Order","2026-07-14 00:26:00","","2026-07-16 10:03:52","2026-07-25 13:58:22",13194.49998,0.0,0.0,0.0,0.0,0.0,"R215 O.C. Inlet &amp; Outlet Block 101X66X33","Nos","","","","PP/2607/29/0001","","sua2kjffq7","","","t4onb61ba6",0,3.896,0.0,0.0,3.896,"Aluminium Extrusion No 398C-ALU-2-0027 ( 101*66*33 )",1,"Aluminium Extrusion No 398C-ALU-2-0027 ( 101*66*33 )","Aluminium Extrusion No 398C-ALU-2-0027 ( 101*66*33 )","",1.0,3.896,0.0,"BOF Stores - TPL","Kg",3.896,"t4oidk3fuo","2026-07-16 10:03:54",0.0,0.03336,"2026-07-16 10:03:52",1.0,"BOM-OC Inlet & Outlet Block 101X66X30-001",8.0,0.0,"Size Cutting","Size Cutting","",0.0,"",0.0,1,"Completed",8.0,"W-26_Accurate Cutting Machine","Accurate Cutting"
"","","","","","","","","","","","","","","","","","","","","","","","","","","","","","","","","","","","","","","","","","","","","","","","","","t4opp530f3",1,32.0,68.0,0.0,32.0,"Helicoil Insert",1,"Helicoil Insert M10 X 1.5 X 15 Mm","Helicoil Insert M10 X 1.5 X 15 Mm","",1.0,32.0,0.0,"Raw Material Stores - TPL","Nos",32.0,"t4o18j1s8c","2026-07-25 13:58:22",0.0,0.01668,"2026-07-25 13:58:21",1.0,"BOM-OC Inlet & Outlet Block 101X66X30-001",8.0,0.0,"Helicoil Insert","Helicoil Inserting","",0.0,"",0.0,2,"Completed",8.0,"01_Helicoil and Tapping","Helicoil & Tapping"
"WO/260714/0049","WO/.YY.MM.DD./.####.","Completed","R215 OC Top Tank","BOM-R215 OC Top Tank-002","Teksons Pvt Ltd",4.0,"WIP Warehouse - TPL","2026-07-14 00:00:00","R215 OC Top Tank","","",4.0,4.0,0.0,0.0,"",1,0,0,0,1,"Raw Material Stores - TPL","WIP Warehouse - TPL","Scrap Stores - TPL",0,0,0.0,"Work Order","2026-07-14 00:04:00","","2026-07-25 14:02:56","2026-07-25 14:02:57",0.01668,0.0,0.0,0.0,0.0,0.0,"OC Top Tank","Nos","","","","PP/2607/29/0001","","sualeb68ii","","","t4o36atakp",1,24.0,68.0,0.0,24.0,"Helicoil Insert",1,"Helicoil Insert M10 X 1.5 X 15 Mm","Helicoil Insert M10 X 1.5 X 15 Mm","Helicoil Insert",1.0,24.0,0.0,"Raw Material Stores - TPL","Nos",24.0,"t4obdp5hth","2026-07-25 14:02:57",0.0,0.01668,"2026-07-25 14:02:56",1.0,"BOM-R215 OC Top Tank-002",4.0,0.0,"Helicoil Insert","Helicoil Inserting","",0.0,"",0.0,1,"Completed",4.0,"01_Helicoil and Tapping","Helicoil & Tapping"
"","","","","","","","","","","","","","","","","","","","","","","","","","","","","","","","","","","","","","","","","","","","","","","","","","t4o2kuasei",0,12.44,0.0,2.0,4.0,"OC Top &amp; Bottom Tank",1,"R215 OC Top & Bottom Tank 70x113x7.5x377LG","R215 OC Top & Bottom Tank 70x113x7.5x377LG","Helicoil Insert",3.11,4.0,0.0,"BOF Stores - TPL","Nos",0.0,"","","","","","","","","","","","","","","","","","","",""
"WO/260714/0048","WO/.YY.MM.DD./.####.","Completed","R215 OC Top Tank Sub Assy","BOM-OC Top Tank Sub Assy-001","Teksons Pvt Ltd",4.0,"WIP Warehouse - TPL","2026-07-14 00:00:00","R215 OC Top Tank Sub Assy","","",0.0,4.0,0.0,0.0,"",1,0,0,0,1,"Raw Material Stores - TPL","WIP Warehouse - TPL","Scrap Stores - TPL",0,0,0.0,"Work Order","2026-07-14 00:04:00","","2026-07-25 14:05:27","2026-07-25 14:05:28",0.01668,0.0,0.0,0.0,0.0,0.0,"OC Top Tank Sub Assy","Nos","","","","PP/2607/29/0001","","suat4pgtok","","","t4olh06tgp",0,1.084444448,0.0,0.0,8.0,"Tank End Plate For Extrusion No 0073C-ALU-2-0008",1,"Tank End Plate 96*62*8 For Extrusion No 0073C-ALU-2-0008","Tank End Plate 96*62*8 For Extrusion No 0073C-ALU-2-0008","Tank Assembly",0.135555556,8.0,0.0,"BOF Stores - TPL","Nos",0.0,"t4oi07g1fq","2026-07-25 14:05:28",0.0,0.01668,"2026-07-25 14:05:27",1.0,"BOM-OC Top Tank Sub Assy-001",4.0,0.0,"Tank Assembly","Tank Assembly","",0.0,"",0.0,1,"Completed",4.0,"ALU-M-08_Mig Welding Machine","Mig Welding"
"","","","","","","","","","","","","","","","","","","","","","","","","","","","","","","","","","","","","","","","","","","","","","","","","","t4oi2hh2ik",0,36.44,0.0,0.0,4.0,"OC Top Tank",1,"R215 OC Top Tank","R215 OC Top Tank","Tank Assembly",9.11,4.0,0.0,"BOF Stores - TPL","Nos",0.0,"","","","","","","","","","","","","","","","","","","",""
"WO/260714/0047","WO/.YY.MM.DD./.####.","Completed","Tank End Plate 96*62*8 For Extrusion No 0073C-ALU-2-0008","BOM-Tank End Plate For Extrusion No 0073C-ALU-2-0008-001","Teksons Pvt Ltd",16.0,"WIP Warehouse - TPL","2026-07-14 00:00:00","Tank End Plate 96*62*8 For Extrusion No 0073C-ALU-2-0008","","",16.0,16.0,0.0,0.0,"",1,0,0,0,1,"Raw Material Stores - TPL","WIP Warehouse - TPL","Scrap Stores - TPL",0,0,0.0,"Work Order","2026-07-14 00:01:46.666667","","2026-07-25 13:52:38","2026-07-25 13:52:40",0.03336,0.0,0.0,0.0,0.0,0.0,"Tank End Plate For Extrusion No 0073C-ALU-2-0008","Nos","","","","PP/2607/29/0001","","sua3ijrdq8","","","t4op65oeeq",0,2.174222222,96.071,1.225,2.174,"Aluminium Plate 70*8*800MM",1,"Aluminium Plate 70*8*800MM","Aluminium Plate 70*8*800MM","Blanking",1.0,2.174222222,0.0,"BOF Stores - TPL","Kg",2.174,"t4oik96f37","2026-07-25 13:52:40",0.0,0.03336,"2026-07-25 13:52:38",1.0,"BOM-Tank End Plate For Extrusion No 0073C-ALU-2-0008-001",16.0,0.0,"Blanking","Blanking","",0.0,"",0.0,1,"Completed",1.777777778,"RP-26_Hydraulic Press","Corner Cutting, Punching, Folding and Blanking"
"WO/260714/0046","WO/.YY.MM.DD./.####.","Completed","R215 OC Top & Bottom Tank 70x113x7.5x377LG","BOM-R215 OC Top & Bottom Tank 70x113x7.5x377LG-001","Teksons Pvt Ltd",8.0,"WIP Warehouse - TPL","2026-07-14 00:00:00","R215 OC Top & Bottom Tank 70x113x7.5x377LG","","",8.0,8.0,0.0,0.0,"",1,0,0,0,1,"Raw Material Stores - TPL","WIP Warehouse - TPL","Scrap Stores - TPL",0,0,0.0,"Work Order","2026-07-14 00:26:00","","2026-07-16 10:03:16","2026-07-16 10:04:29",1.21668,0.0,0.0,0.0,0.0,0.0,"OC Top &amp; Bottom Tank","Nos","","","","PP/2607/29/0001","","suace8k8ja","","","t4o5ln41mf",0,24.88,118.18,0.0,24.88,"Aluminium Extrusion No 0073C-ALU-2-0008 70(H)*113(W)*7.5(T)*377LG",1,"Aluminium Extrusion No 0073C-ALU-2-0008 70(H)*113(W)*7.5(T)*377LG","Aluminium Extrusion No 0073C-ALU-2-0008 70(H)*113(W)*7.5(T)*377LG","",1.0,24.88,0.0,"BOF Stores - TPL","Kg",24.88,"t4o6cne0nc","2026-07-16 10:03:18",0.0,0.03336,"2026-07-16 10:03:16",1.0,"BOM-R215 OC Top & Bottom Tank 70x113x7.5x377LG-001",8.0,0.0,"Size Cutting","Size Cutting","",0.0,"",0.0,1,"Completed",8.0,"W-26_Accurate Cutting Machine","Accurate Cutting"
"","","","","","","","","","","","","","","","","","","","","","","","","","","","","","","","","","","","","","","","","","","","","","","","","","","","","","","","","","","","","","","","","","","t4okcb1qc9","2026-07-16 10:04:29",0.0,0.01668,"2026-07-16 10:04:28",1.0,"BOM-R215 OC Top & Bottom Tank 70x113x7.5x377LG-001",8.0,0.0,"Drilling & Boring","Drilling & Boring","",0.0,"",0.0,2,"Completed",8.0,"TR-27_Makino","Drilling, Boring and Milling"
"WO/260714/0045","WO/.YY.MM.DD./.####.","Completed","R215 OC Bottom Tank","BOM-R215 OC Bottom Tank-002","Teksons Pvt Ltd",4.0,"WIP Warehouse - TPL","2026-07-14 00:00:00","R215 OC Bottom Tank","","",4.0,4.0,0.0,0.0,"",1,0,0,0,1,"Raw Material Stores - TPL","WIP Warehouse - TPL","Scrap Stores - TPL",0,0,0.0,"Work Order","2026-07-14 00:04:00","","2026-07-25 14:04:20","2026-07-25 14:04:21",0.01668,0.0,0.0,0.0,0.0,0.0,"OC Bottom ","Nos","","","","PP/2607/29/0001","","suaqiug53e","","","t4nkc5si5s",0,12.44,0.0,2.0,4.0,"OC Top &amp; Bottom Tank",1,"R215 OC Top & Bottom Tank 70x113x7.5x377LG","R215 OC Top & Bottom Tank 70x113x7.5x377LG","Helicoil Insert",3.11,4.0,0.0,"BOF Stores - TPL","Nos",0.0,"t4nendj14r","2026-07-25 14:04:21",0.0,0.01668,"2026-07-25 14:04:20",1.0,"BOM-R215 OC Bottom Tank-002",4.0,0.0,"Helicoil Insert","Helicoil Inserting","",0.0,"",0.0,1,"Completed",4.0,"01_Helicoil and Tapping","Helicoil & Tapping"
"","","","","","","","","","","","","","","","","","","","","","","","","","","","","","","","","","","","","","","","","","","","","","","","","","t4n3ipbh7f",1,24.0,68.0,0.0,24.0,"Helicoil Insert",1,"Helicoil Insert M10 X 1.5 X 15 Mm","Helicoil Insert M10 X 1.5 X 15 Mm","Helicoil Insert",1.0,24.0,0.0,"Raw Material Stores - TPL","Nos",24.0,"","","","","","","","","","","","","","","","","","","",""
"WO/260714/0044","WO/.YY.MM.DD./.####.","Completed","R215 OC Bottom Tank Sub Assy","BOM-OC Bottom Tank Sub Assy-001","Teksons Pvt Ltd",4.0,"WIP Warehouse - TPL","2026-07-14 00:00:00","R215 OC Bottom Tank Sub Assy","","",4.0,4.0,0.0,0.0,"",1,0,0,0,1,"Raw Material Stores - TPL","WIP Warehouse - TPL","Scrap Stores - TPL",0,0,0.0,"Work Order","2026-07-14 00:04:00","","2026-07-25 14:04:46","2026-07-25 14:04:48",0.03336,0.0,0.0,0.0,0.0,0.0,"OC Bottom Tank Sub Assy","Nos","","","","PP/2607/29/0001","","suaaok8i8b","","","t4nksmdpbo",0,36.44,0.0,0.0,4.0,"OC Bottom ",1,"R215 OC Bottom Tank","R215 OC Bottom Tank","Tank Assembly",9.11,4.0,0.0,"BOF Stores - TPL","Nos",0.0,"t4nmdjt9hr","2026-07-25 14:04:48",0.0,0.03336,"2026-07-25 14:04:46",1.0,"BOM-OC Bottom Tank Sub Assy-001",4.0,0.0,"Tank Assembly","Tank Assembly","",0.0,"",0.0,1,"Completed",4.0,"ALU-M-08_Mig Welding Machine","Mig Welding"
"","","","","","","","","","","","","","","","","","","","","","","","","","","","","","","","","","","","","","","","","","","","","","","","","","t4nkdvc35d",1,4.0,100.0,99.0,4.0,"Aluminium Bush 6063 Hyundai 8",1,"0261Oc-Alu-2-004","Aluminium Bush 6063 Hyundai 8","Tank Assembly",1.0,4.0,0.0,"BOF Stores - TPL","Nos",4.0,"","","","","","","","","","","","","","","","","","","",""
"","","","","","","","","","","","","","","","","","","","","","","","","","","","","","","","","","","","","","","","","","","","","","","","","","t4n4n6g51t",0,1.084444448,0.0,0.0,8.0,"Tank End Plate For Extrusion No 0073C-ALU-2-0008",1,"Tank End Plate 96*62*8 For Extrusion No 0073C-ALU-2-0008","Tank End Plate 96*62*8 For Extrusion No 0073C-ALU-2-0008","Tank Assembly",0.135555556,8.0,0.0,"BOF Stores - TPL","Nos",0.0,"","","","","","","","","","","","","","","","","","","",""
"WO/260714/0043","WO/.YY.MM.DD./.####.","Completed","Turbulator 0.3*300*44.5","BOM-Turbulator 0.3*300*44.5-001","Teksons Pvt Ltd",624.0,"WIP Warehouse - TPL","2026-07-14 00:00:00","Turbulator 0.3*300*44.5","","",624.0,624.0,0.0,0.0,"",1,0,0,0,1,"Raw Material Stores - TPL","WIP Warehouse - TPL","Scrap Stores - TPL",0,0,0.0,"Work Order","2026-07-14 10:24:00","","2026-07-25 13:45:46","2026-07-25 13:45:48",0.03336,0.0,0.0,0.0,0.0,0.0,"Turbulator for OC 0.3*300*44.5","Nos","","","","PP/2607/29/0001","","suartbk0ng","","","t4n9ccf85e",0,11.232,249.912,0.0,11.232,"Aluminium Coil 0.3×300MM",1,"Aluminium Coil 0.3×300MM","Aluminium Coil 0.3×300MM","Turbu Forming",1.0,11.232,0.0,"BOF Stores - TPL","Kg",11.232,"t4nc8fscct","2026-07-25 13:45:48",0.0,0.03336,"2026-07-25 13:45:46",1.0,"BOM-Turbulator 0.3*300*44.5-001",624.0,0.0,"Turbu Forming","Turbu Forming & Cutting","",0.0,"",0.0,1,"Completed",624.0,"AL-M-41_Turbulator Machine","Turbulator Forming and Cutting"
"WO/260714/0042","WO/.YY.MM.DD./.####.","Completed","Turbulator 0.3*250*44.5","BOM-Turbulator 0.3*250*44.5-002","Teksons Pvt Ltd",104.0,"WIP Warehouse - TPL","2026-07-14 00:00:00","Turbulator 0.3*250*44.5","","",104.0,104.0,0.0,0.0,"",1,0,0,0,1,"Raw Material Stores - TPL","WIP Warehouse - TPL","Scrap Stores - TPL",0,0,0.0,"Work Order","2026-07-14 01:44:00","","2026-07-25 13:45:36","2026-07-25 13:45:38",0.03336,0.0,0.0,0.0,0.0,0.0,"Turbulator 0.3*250*44.5","Nos","","","","PP/2607/29/0001","","sua053kjh7","","","t4nhd2mrvg",0,1.56,405.21,0.0,1.56,"Aluminium Coil 0.3×250MM",1,"Aluminium Coil 0.3×250MM","Aluminium Coil 0.3×250MM","Turbu Forming",1.0,1.56,0.0,"BOF Stores - TPL","Kg",1.56,"t4nplj8eur","2026-07-25 13:45:38",0.0,0.03336,"2026-07-25 13:45:36",1.0,"BOM-Turbulator 0.3*250*44.5-002",104.0,0.0,"Turbu Forming","Turbu Forming & Cutting","",0.0,"",0.0,1,"Completed",104.0,"AL-M-41_Turbulator Machine","Turbulator Forming and Cutting"
"WO/260714/0041","WO/.YY.MM.DD./.####.","Completed","R215 OC Tube Sheet 0.7*110*1021","BOM-Tube Sheet for OC 0.7*110*1021-001","Teksons Pvt Ltd",216.0,"WIP Warehouse - TPL","2026-07-14 00:00:00","R215 OC Tube Sheet 0.7*110*1021","","",216.0,216.0,0.0,0.0,"",1,0,0,0,1,"Raw Material Stores - TPL","WIP Warehouse - TPL","Scrap Stores - TPL",0,0,0.0,"Work Order","2026-07-14 03:36:00","","2026-07-25 13:45:24","2026-07-25 13:45:26",0.03336,0.0,0.0,0.0,0.0,0.0,"Tube Sheet for OC 0.7*110*1021","Nos","","","","PP/2607/29/0001","","suarerklnq","","","t4naniophc",0,46.44,219.51,0.0,46.44,"Aluminium Coil 0.7*110",1,"Aluminium Coil 0.7*110","Aluminium Coil 0.7*110","Tube Sheet Cutting",1.0,46.44,0.0,"BOF Stores - TPL","Kg",46.44,"t4nbotf49d","2026-07-25 13:45:26",0.0,0.03336,"2026-07-25 13:45:24",1.0,"BOM-Tube Sheet for OC 0.7*110*1021-001",216.0,0.0,"Tube Sheet Cutting","Tube Sheet Cutting","",0.0,"",0.0,1,"Completed",216.0,"Cut To Length","Cut To Length"
"WO/260714/0040","WO/.YY.MM.DD./.####.","Completed","R215 OC Core End Plate 5X165X1021","BOM-R215 OC Core End Plate 5X165X1021-001","Teksons Pvt Ltd",4.0,"WIP Warehouse - TPL","2026-07-14 00:00:00","R215 OC Core End Plate 5X165X1021","","",4.0,4.0,0.0,0.0,"",1,0,0,0,1,"Raw Material Stores - TPL","WIP Warehouse - TPL","Scrap Stores - TPL",0,0,0.0,"Work Order","2026-07-14 00:04:00","","2026-07-16 09:55:39","2026-07-16 09:55:42",0.04998,0.0,0.0,0.0,0.0,0.0,"R215 OC Core End Plate 5X165X1021","Nos","","","","PP/2607/29/0001","","suarp5sqdt","","","t4m5flf58k",0,9.2,83.98,0.0,9.2,"Aluminium Sheet 5MM Thk",1,"Aluminium Sheet 5MM Thk","Aluminium Sheet 5MM Thk","Shearing",1.0,9.2,0.0,"BOF Stores - TPL","Kg",9.2,"t4m08j8nle","2026-07-16 09:55:42",0.0,0.04998,"2026-07-16 09:55:39",1.0,"BOM-R215 OC Core End Plate 5X165X1021-001",4.0,0.0,"Shearing","Shearing (W) Operation","",0.0,"",0.0,1,"Completed",4.0,"W01_Shearing Machine","Shearing Machine"
"WO/260714/0039","WO/.YY.MM.DD./.####.","Completed","R215 OC Core End Plate 5X140X1021","BOM-R215 OC Core End Plate 5X140X1021-002","Teksons Pvt Ltd",4.0,"WIP Warehouse - TPL","2026-07-14 00:00:00","R215 OC Core End Plate 5X140X1021","","",0.0,4.0,0.0,0.0,"",1,0,0,0,1,"Raw Material Stores - TPL","WIP Warehouse - TPL","Scrap Stores - TPL",0,0,0.0,"Work Order","2026-07-14 00:18:00","","2026-07-25 13:52:27","2026-07-25 14:10:39",18.19998,0.0,0.0,0.0,0.0,0.0,"OC Core End Plate 5*140*1021","Nos","","","","PP/2607/29/0001","","sua877831t","","","t4mm42egir",0,9.2,99.0,1.0,4.0,"R215 OC Core End Plate 5X165X1021",1,"R215 OC Core End Plate 5X165X1021","R215 OC Core End Plate 5X165X1021","",2.3,4.0,0.0,"BOF Stores - TPL","Nos",0.0,"t4mhi3ts9q","2026-07-25 13:52:29",0.0,0.03336,"2026-07-25 13:52:27",1.0,"BOM-R215 OC Core End Plate 5X140X1021-002",4.0,0.0,"Folding","Folding","",0.0,"",0.0,1,"Completed",4.0,"RP-26_Hydraulic Press","Corner Cutting, Punching, Folding and Blanking"
"","","","","","","","","","","","","","","","","","","","","","","","","","","","","","","","","","","","","","","","","","","","","","","","","","","","","","","","","","","","","","","","","","","t4m9s25l10","2026-07-25 14:10:39",0.0,0.01668,"2026-07-25 14:10:38",1.0,"BOM-R215 OC Core End Plate 5X140X1021-002",4.0,0.0,"Sr. No. Punching","Sr. No. Punching","",0.0,"",0.0,2,"Completed",4.0,"RP-36_Hydro Pneumatic Press Machine","Sr. No. Punching"
"WO/260714/0038","WO/.YY.MM.DD./.####.","Completed","R215 Fin For OC 0.3*110*991","BOM-R215 Fin For OC 0.3*110*991-001","Teksons Pvt Ltd",132.0,"WIP Warehouse - TPL","2026-07-14 00:00:00","R215 Fin For OC 0.3*110*991","","",132.0,132.0,0.0,0.0,"",1,0,0,0,1,"Raw Material Stores - TPL","WIP Warehouse - TPL","Scrap Stores - TPL",0,0,0.0,"Work Order","2026-07-14 02:12:00","","2026-07-25 13:45:12","2026-07-25 13:45:16",0.06666,0.0,0.0,0.0,0.0,0.0,"Fin For OC 0.3*110*991","Nos","","","","PP/2607/29/0001","","sua7c0r8rq","","","t4meuu5rs1",0,46.2,243.922,0.0,46.2,"Aluminium Coil 0.3*110MM",1,"Aluminium Coil 0.3*110MM","Aluminium Coil 0.3*110MM","Fin Forming",1.0,46.2,0.0,"BOF Stores - TPL","Kg",46.2,"t4mvp1okp5","2026-07-25 13:45:16",0.0,0.06666,"2026-07-25 13:45:12",1.0,"BOM-R215 Fin For OC 0.3*110*991-001",132.0,0.0,"Fin Forming","Fin Forming","",0.0,"",0.0,1,"Completed",132.0,"AL-M-16_Zig-Zag Fin Machine","Fin Forming and Cutting"
"WO/260714/0037","WO/.YY.MM.DD./.####.","Completed","Extruded Bar for OC and RAD 3*7*1021","BOM-Extruded Bar for OC and RAD 3*7*1021-001","Teksons Pvt Ltd",504.0,"WIP Warehouse - TPL","2026-07-14 00:00:00","Extruded Bar for OC and RAD 3*7*1021","","",504.0,504.0,0.0,0.0,"",1,0,0,0,1,"Raw Material Stores - TPL","WIP Warehouse - TPL","Scrap Stores - TPL",0,0,0.0,"Work Order","2026-07-14 08:24:00","","2026-07-25 13:44:57","2026-07-25 13:44:58",0.01668,0.0,0.0,0.0,0.0,0.0,"Extruded Bar for OC and RAD 3*7*1021","Nos","","","","PP/2607/29/0001","","suaroj7u10","","","t4mvh09nqu",0,29.736,141.246,0.0,29.736,"Aluminium Extruded Bar (ALU-STD-0043)(3*7)",1,"Aluminium Extruded Bar (ALU-STD-0043)(3*7)","Aluminium Extruded Bar (ALU-STD-0043)(3*7)","Bar Cutting",1.0,29.736,0.0,"BOF Stores - TPL","Kg",29.736,"t4mk05gcun","2026-07-25 13:44:58",0.0,0.01668,"2026-07-25 13:44:57",1.0,"BOM-Extruded Bar for OC and RAD 3*7*1021-001",504.0,0.0,"Bar Cutting","Bar Cutting","",0.0,"",0.0,1,"Completed",504.0,"Bar_Circular Saw Machine","Aluminium Bar Cutting"
"WO/260714/0036","WO/.YY.MM.DD./.####.","Completed","R215 OC and RAD Core End Plate2.5X110X1021","BOM-R215 OC and RAD Core End Plate2.5X110X1021-001","Teksons Pvt Ltd",12.0,"WIP Warehouse - TPL","2026-07-14 00:00:00","R215 OC and RAD Core End Plate2.5X110X1021","","",12.0,12.0,0.0,0.0,"",1,0,0,0,1,"Raw Material Stores - TPL","WIP Warehouse - TPL","Scrap Stores - TPL",0,0,0.0,"Work Order","2026-07-14 00:12:00","","2026-07-16 09:55:25","2026-07-16 09:55:28",0.04998,0.0,0.0,0.0,0.0,0.0,"R215 Core End Plate For OC &amp; RAD 2.5X110X1021","Nos","","","","PP/2607/29/0001","","suambc4do0","","","t4mtaflafp",0,9.204,44.373,0.0,9.204,"Aluminium Sheet 2.5MM Thk Without Cladded",1,"Aluminium Sheet 2.5MM Thk Without Cladded","Aluminium Sheet 2.5MM Thk Without Cladded","Shearing",1.0,9.204,0.0,"BOF Stores - TPL","Kg",9.204,"t4m0ocgcbo","2026-07-16 09:55:28",0.0,0.04998,"2026-07-16 09:55:25",1.0,"BOM-R215 OC and RAD Core End Plate2.5X110X1021-001",12.0,0.0,"Shearing","Shearing (W) Operation","",0.0,"",0.0,1,"Completed",12.0,"W01_Shearing Machine","Shearing Machine"
"WO/260714/0035","WO/.YY.MM.DD./.####.","Not Started","R215 OC Core","BOM-R215 OC Core-001","Teksons Pvt Ltd",4.0,"WIP Warehouse - TPL","2026-07-14 00:00:00","R215 OC Core","","",0.0,0.0,0.0,0.0,"",1,0,0,0,1,"Raw Material Stores - TPL","WIP Warehouse - TPL","Scrap Stores - TPL",0,0,0.0,"Work Order","2026-07-14 00:18:00","","2026-07-25 13:44:18","2026-07-25 13:46:59",2.68332,0.0,0.0,0.0,0.0,0.0,"Core Assembly for OC","Nos","","","","PP/2607/29/0001","","suae61pj4l","","","t4mbn74qk0",0,3.08,97.0,3.0,0.0,"R215 Core End Plate For OC &amp; RAD 2.5X110X1021",1,"R215 OC and RAD Core End Plate2.5X110X1021","R215 OC and RAD Core End Plate2.5X110X1021","",0.77,4.0,0.0,"BOF Stores - TPL","Nos",0.0,"t4mtmvfihs","2026-07-25 13:44:47",0.0,0.48336,"2026-07-25 13:44:18",1.0,"BOM-R215 OC Core-001",4.0,0.0,"Core Assembly","Core Assembly","",0.0,"",0.0,1,"Completed",4.0,"01_Fixing Table","Core Fixing"
"","","","","","","","","","","","","","","","","","","","","","","","","","","","","","","","","","","","","","","","","","","","","","","","","","t4mbout2v7",0,18.72,0.0,126.0,0.0,"Extruded Bar for OC and RAD 3*7*1021",1,"Extruded Bar for OC and RAD 3*7*1021","Extruded Bar for OC and RAD 3*7*1021","",0.06,312.0,0.0,"BOF Stores - TPL","Nos",0.0,"t4m1bdst1e","2026-07-25 13:46:59",0.0,0.03336,"2026-07-25 13:46:57",1.0,"BOM-R215 OC Core-001",4.0,0.0,"Core Brazing","Core Brazing","",0.0,"",0.0,2,"Completed",4.0,"Brazing Furnace","Brazing Furnace"
"","","","","","","","","","","","","","","","","","","","","","","","","","","","","","","","","","","","","","","","","","","","","","","","","","t4mtqe87si",0,37.8,0.0,33.0,0.0,"Fin For OC 0.3*110*991",1,"R215 Fin For OC 0.3*110*991","R215 Fin For OC 0.3*110*991","",0.35,108.0,0.0,"BOF Stores - TPL","Nos",0.0,"","","","","","","","","","","","","","","","","","","",""
"","","","","","","","","","","","","","","","","","","","","","","","","","","","","","","","","","","","","","","","","","","","","","","","","","t4m0t9jnbf",0,9.2,0.0,1.0,0.0,"OC Core End Plate 5*140*1021",1,"R215 OC Core End Plate 5X140X1021","R215 OC Core End Plate 5X140X1021","",2.3,4.0,0.0,"BOF Stores - TPL","Nos",0.0,"","","","","","","","","","","","","","","","","","","",""
"","","","","","","","","","","","","","","","","","","","","","","","","","","","","","","","","","","","","","","","","","","","","","","","","","t4m64b8b32",0,8.64,0.0,229.0,0.0,"Spacer Bar 9.5×15×110",1,"Spacer Bar 9.5×15×110","Spacer Bar 9.5×15×110","",0.04,216.0,0.0,"BOF Stores - TPL","Nos",0.0,"","","","","","","","","","","","","","","","","","","",""
"","","","","","","","","","","","","","","","","","","","","","","","","","","","","","","","","","","","","","","","","","","","","","","","","","t4ml1k8mgk",0,47.52,0.0,54.0,0.0,"Tube Sheet for OC 0.7*110*1021",1,"R215 OC Tube Sheet 0.7*110*1021","R215 OC Tube Sheet 0.7*110*1021","",0.22,216.0,0.0,"BOF Stores - TPL","Nos",0.0,"","","","","","","","","","","","","","","","","","","",""
"","","","","","","","","","","","","","","","","","","","","","","","","","","","","","","","","","","","","","","","","","","","","","","","","","t4m9mrm4es",0,2.08,0.0,26.0,0.0,"Turbulator 0.3*250*44.5",1,"Turbulator 0.3*250*44.5","Turbulator 0.3*250*44.5","",0.02,104.0,0.0,"BOF Stores - TPL","Nos",0.0,"","","","","","","","","","","","","","","","","","","",""
"","","","","","","","","","","","","","","","","","","","","","","","","","","","","","","","","","","","","","","","","","","","","","","","","","t4mcl5k7v7",0,12.48,0.0,156.0,0.0,"Turbulator for OC 0.3*300*44.5",1,"Turbulator 0.3*300*44.5","Turbulator 0.3*300*44.5","",0.02,624.0,0.0,"BOF Stores - TPL","Nos",0.0,"","","","","","","","","","","","","","","","","","","",""
"WO/260714/0034","WO/.YY.MM.DD./.####.","In Process","R215 OC","BOM-Oil Cooler-001","Teksons Pvt Ltd",4.0,"WIP Warehouse - TPL","2026-07-14 00:00:00","R215 OC","","",4.0,0.0,0.0,0.0,"",1,0,0,0,1,"Raw Material Stores - TPL","WIP Warehouse - TPL","Scrap Stores - TPL",0,0,0.0,"Work Order","2026-07-14 00:32:00","","2026-07-25 13:59:49","2026-07-25 14:08:36",8.78334,0.0,0.0,0.0,0.0,0.0,"Oil Cooler","Nos","","","","PP/2607/29/0001","","sua9sapoqq","","","t4l7uq3i69",0,4.0,38.0,0.0,0.0,"Drain Plug",1,"Drain Plug","Drain Plug","",1.0,4.0,0.0,"BOF Stores - TPL","Nos",4.0,"t4l5vfhkk0","2026-07-25 13:59:51",0.0,0.03336,"2026-07-25 13:59:49",1.0,"BOM-Oil Cooler-001",4.0,0.0,"Tank To Core","Tank To Core Tack Weld","",0.0,"",0.0,1,"Completed",4.0,"ALU-M-08_Mig Welding Machine","Mig Welding"
"","","","","","","","","","","","","","","","","","","","","","","","","","","","","","","","","","","","","","","","","","","","","","","","","","t4lql7rdb2",0,139.52,0.0,1.0,0.0,"Core Assembly for OC",1,"R215 OC Core","R215 OC Core","",34.88,4.0,0.0,"Stores - TPL","Nos",0.0,"t4l33ungtu","2026-07-25 14:07:45",0.0,0.03336,"2026-07-25 14:07:43",1.0,"BOM-Oil Cooler-001",4.0,0.0,"Angle Assembly","Angle Assembly","",0.0,"",0.0,2,"Completed",4.0,"ALU-M-08_Mig Welding Machine","Mig Welding"
"","","","","","","","","","","","","","","","","","","","","","","","","","","","","","","","","","","","","","","","","","","","","","","","","","t4llfsp5s6",0,4.0,19.0,0.0,0.0,"Rubber Seal",1,"Rubber Seal","Rubber Seal","",1.0,4.0,0.0,"BOF Stores - TPL","Nos",4.0,"t4l3eauet7","2026-07-25 14:08:36",0.0,0.01668,"2026-07-25 14:08:35",1.0,"BOM-Oil Cooler-001",4.0,0.0,"Leak Testing","Leak Testing (Wet)","",0.0,"",0.0,3,"Completed",4.0,"01_Leak Test Tank","Leak Test"
"","","","","","","","","","","","","","","","","","","","","","","","","","","","","","","","","","","","","","","","","","","","","","","","","","t4locggts8",0,41.56,0.0,1.0,0.0,"OC Bottom Tank Sub Assy",1,"R215 OC Bottom Tank Sub Assy","R215 OC Bottom Tank Sub Assy","",10.39,4.0,0.0,"BOF Stores - TPL","Nos",0.0,"","","","","","","","","","","","","","","","","","","",""
"","","","","","","","","","","","","","","","","","","","","","","","","","","","","","","","","","","","","","","","","","","","","","","","","","t4l9mosute",0,37.56,0.0,1.0,0.0,"OC Top Tank Sub Assy",1,"R215 OC Top Tank Sub Assy","R215 OC Top Tank Sub Assy","",9.39,4.0,0.0,"BOF Stores - TPL","Nos",0.0,"","","","","","","","","","","","","","","","","","","",""
"","","","","","","","","","","","","","","","","","","","","","","","","","","","","","","","","","","","","","","","","","","","","","","","","","t4la080ifk",0,35.92,40.0,2.0,0.0,"R215 O.C. Inlet &amp; Outlet Block 101X66X33",1,"OC Inlet & Outlet Block 101X66X30","OC Inlet & Outlet Block 101X66X30","",4.49,8.0,0.0,"BOF Stores - TPL","Nos",0.0,"","","","","","","","","","","","","","","","","","","",""
"","","","","","","","","","","","","","","","","","","","","","","","","","","","","","","","","","","","","","","","","","","","","","","","","","t4lv7p4l97",0,11.12,0.0,2.0,0.0,"Condenser Mtg. Block 31X19X25",1,"Condenser Mounting Block 31X19X25","Condenser Mounting Block 31X19X25","",1.39,8.0,0.0,"BOF Stores - TPL","Nos",0.0,"","","","","","","","","","","","","","","","","","","",""
"","","","","","","","","","","","","","","","","","","","","","","","","","","","","","","","","","","","","","","","","","","","","","","","","","t4lts2v23v",0,6.04,0.0,6.0,0.0,"Stay Block 50X25X150",1,"Stay Block 50X25X150","Stay Block 50X25X150","",1.51,4.0,0.0,"BOF Stores - TPL","Nos",0.0,"","","","","","","","","","","","","","","","","","","",""
"WO/260714/0033","WO/.YY.MM.DD./.####.","Completed","R215 Ms Plate-1(102X22X1.5)","BOM-MS Plate-1-001","Teksons Pvt Ltd",4.0,"WIP Warehouse - TPL","2026-07-14 00:00:00","R215 Ms Plate-1(102X22X1.5)","","",4.0,4.0,0.0,0.0,"",1,0,0,0,1,"Raw Material Stores - TPL","WIP Warehouse - TPL","Scrap Stores - TPL",0,0,0.0,"Work Order","2026-07-14 00:18:00","","2026-07-16 09:55:11","2026-07-25 14:10:29",13215.3,0.0,0.0,0.0,0.0,0.0,"R215 Ms Plate-1(102X22X1.5)","Nos","","","","PP/2607/29/0001","","suaad7dhk9","","","t4lj5it227",0,0.104,0.494,0.0,0.104,"MS – 1.5MM Thk",1,"MS – 1.5MM Thk","MS – 1.5MM Thk","",1.0,0.104,0.0,"BOF Stores - TPL","Kg",0.104,"t4lpje6e1g","2026-07-16 09:55:14",0.0,0.04998,"2026-07-16 09:55:11",1.0,"BOM-MS Plate-1-001",4.0,0.0,"Shearing","Shearing (W) Operation","",0.0,"",0.0,1,"Completed",4.0,"W01_Shearing Machine","Shearing Machine"
"","","","","","","","","","","","","","","","","","","","","","","","","","","","","","","","","","","","","","","","","","","","","","","","","","t4lli0nud8",0,4.0,38.0,0.0,4.0,"HEX Nut M8*1.25P",1,"HEX Nut M8*1.25P","HEX Nut M8*1.25P","",1.0,4.0,0.0,"BOF Stores - TPL","Nos",4.0,"t4l80da9ov","2026-07-25 14:10:29",0.0,0.03336,"2026-07-25 14:10:27",1.0,"BOM-MS Plate-1-001",4.0,0.0,"Punching","Punching","",0.0,"",0.0,2,"Completed",4.0,"RP-26_Hydraulic Press","Corner Cutting, Punching, Folding and Blanking"
"WO/260714/0032","WO/.YY.MM.DD./.####.","Completed","R215 Ms Plate-2 (144X22X1.5)","BOM-MS Plate-2-001","Teksons Pvt Ltd",4.0,"WIP Warehouse - TPL","2026-07-14 00:00:00","R215 Ms Plate-2 (144X22X1.5)","","",4.0,4.0,0.0,0.0,"",1,0,0,0,1,"Raw Material Stores - TPL","WIP Warehouse - TPL","Scrap Stores - TPL",0,0,0.0,"Work Order","2026-07-14 00:18:00","","2026-07-16 09:54:53","2026-07-25 14:11:06",13216.21668,0.0,0.0,0.0,0.0,0.0,"R215 Ms Plate-2 (144X22X1.5)","Nos","","","","PP/2607/29/0001","","suapmiptkp","","","t4l8fb17ig",0,0.148,0.703,0.0,0.148,"MS – 1.5 MM Thk",1,"MS – 1.5 MM Thk","MS – 1.5 MM Thk","",1.0,0.148,0.0,"BOF Stores - TPL","Kg",0.148,"t4lokgn3fi","2026-07-16 09:54:56",0.0,0.04998,"2026-07-16 09:54:53",1.0,"BOM-MS Plate-2-001",4.0,0.0,"Shearing","Shearing (W) Operation","",0.0,"",0.0,1,"Completed",4.0,"W01_Shearing Machine","Shearing Machine"
"","","","","","","","","","","","","","","","","","","","","","","","","","","","","","","","","","","","","","","","","","","","","","","","","","t4l2usgc1p",0,4.0,38.0,0.0,4.0,"HEX Nut M8*1.25P",1,"HEX Nut M8*1.25P","HEX Nut M8*1.25P","",1.0,4.0,0.0,"BOF Stores - TPL","Nos",4.0,"t4lo1j8bqk","2026-07-25 14:11:06",0.0,0.03336,"2026-07-25 14:11:04",1.0,"BOM-MS Plate-2-001",4.0,0.0,"Punching","Punching","",0.0,"",0.0,2,"Completed",4.0,"RP-26_Hydraulic Press","Corner Cutting, Punching, Folding and Blanking"
"WO/260714/0031","WO/.YY.MM.DD./.####.","Completed","R215 LH – RH Condenser MTG BKT","BOM-LH – RH Condenser MTG BKT-001","Teksons Pvt Ltd",4.0,"WIP Warehouse - TPL","2026-07-14 00:00:00","R215 LH – RH Condenser MTG BKT","","",4.0,4.0,0.0,0.0,"",1,0,0,0,1,"Raw Material Stores - TPL","WIP Warehouse - TPL","Scrap Stores - TPL",0,0,0.0,"Work Order","2026-07-14 00:04:00","","2026-07-25 13:55:26","2026-07-25 13:55:27",0.01668,0.0,0.0,0.0,0.0,0.0,"LH – RH Condenser MTG BKT","Set","","","","PP/2607/29/0001","","suam75njb9","","","t4ki1mspds",0,4.0,99.0,1.0,4.0,"LH – RH Condenser MTG BKT",1,"R215 LH – RH Condenser MTG BKT","R215 LH – RH Condenser MTG BKT","Painting",1.0,4.0,0.0,"BOF Stores - TPL","Set",4.0,"t4k39vhaa3","2026-07-25 13:55:27",0.0,0.01668,"2026-07-25 13:55:26",1.0,"BOM-LH – RH Condenser MTG BKT-001",4.0,0.0,"Painting","Painting","",0.0,"",0.0,1,"Completed",4.0,"Spray Painting","RA Painting"
"WO/260714/0030","WO/.YY.MM.DD./.####.","Completed","R215 Fan Cowl","BOM-Fan Cowl-001","Teksons Pvt Ltd",4.0,"WIP Warehouse - TPL","2026-07-14 00:00:00","R215 Fan Cowl","","",4.0,4.0,0.0,0.0,"",1,0,0,0,1,"Raw Material Stores - TPL","WIP Warehouse - TPL","Scrap Stores - TPL",0,0,0.0,"Work Order","2026-07-14 00:04:00","","2026-07-25 13:55:17","2026-07-25 13:55:19",0.03336,0.0,0.0,0.0,0.0,0.0,"R215 Fan Cowl","Nos","","","","PP/2607/29/0001","","suama7hqo5","","","t4ke3o9985",0,4.0,19.0,1.0,4.0,"Fan Cowl",1,"R215 Fan Cowl","R215 Fan Cowl","Painting",1.0,4.0,0.0,"BOF Stores - TPL","Nos",4.0,"t4kon1u62m","2026-07-25 13:55:19",0.0,0.03336,"2026-07-25 13:55:17",1.0,"BOM-Fan Cowl-001",4.0,0.0,"Painting","Painting","",0.0,"",0.0,1,"Completed",4.0,"Spray Painting","RA Painting"
"WO/260714/0029","WO/.YY.MM.DD./.####.","Completed","Cage For M8 Sq Nut 182X50X0.5","BOM-Cage For M8 Sq Nut 182X50X0.5-001","Teksons Pvt Ltd",32.0,"WIP Warehouse - TPL","2026-07-14 00:00:00","Cage For M8 Sq Nut 182X50X0.5","","",32.0,32.0,0.0,0.0,"",1,0,0,0,1,"Raw Material Stores - TPL","WIP Warehouse - TPL","Scrap Stores - TPL",0,0,0.0,"Work Order","2026-07-14 00:32:00","","2026-07-25 13:50:49","2026-07-25 13:50:51",0.03336,0.0,0.0,0.0,0.0,0.0,"Cage For M8 Sq Nut 182X50X0.5","Nos","","","","PP/2607/29/0001","","suajpb55us","","","t4kljfe8bb",0,1.152,0.0,0.0,1.152,"GI – 0.5MM Thk",1,"GI – 0.5MM Thk","GI – 0.5MM Thk","Folding",1.0,1.152,0.0,"BOF Stores - TPL","Kg",1.152,"t4k3bl9ksa","2026-07-25 13:50:51",0.0,0.03336,"2026-07-25 13:50:49",1.0,"BOM-Cage For M8 Sq Nut 182X50X0.5-001",32.0,0.0,"Folding","Folding","",0.0,"",0.0,1,"Completed",32.0,"RP-26_Hydraulic Press","Corner Cutting, Punching, Folding and Blanking"
"","","","","","","","","","","","","","","","","","","","","","","","","","","","","","","","","","","","","","","","","","","","","","","","","","t4kcs99lfj",0,32.0,92.0,0.0,32.0,"SQ Nut M8*1.25P",1,"SQ Nut M8*1.25P","SQ Nut M8*1.25P","Folding",1.0,32.0,0.0,"BOF Stores - TPL","Nos",32.0,"","","","","","","","","","","","","","","","","","","",""
"WO/260714/0028","WO/.YY.MM.DD./.####.","Completed","R215 Top and Bottom Flyscreen Mounting Plate 35X30X2","BOM-R215 Top and Bottom Flyscreen Mounting Plate 35X30X2-001","Teksons Pvt Ltd",32.0,"WIP Warehouse - TPL","2026-07-14 00:00:00","R215 Top and Bottom Flyscreen Mounting Plate 35X30X2","","",32.0,32.0,0.0,0.0,"",1,0,0,0,1,"Raw Material Stores - TPL","WIP Warehouse - TPL","Scrap Stores - TPL",0,0,0.0,"Work Order","2026-07-14 01:14:00","","2026-07-16 09:54:38","2026-07-25 13:53:40",13199.03334,0.0,0.0,0.0,0.0,0.0,"Top &amp; Bottom Flyscreen Mtg Plate 35X30X2","Nos","","","","PP/2607/29/0001","","suad8ir0qc","","","t4kh9m03ei",0,0.512,5.13,0.0,0.512,"MS – 2MM Thk",1,"MS – 2MM Thk","MS – 2MM Thk","",1.0,0.512,0.0,"BOF Stores - TPL","Kg",0.512,"t4k7panutd","2026-07-16 09:54:41",0.0,0.04998,"2026-07-16 09:54:38",1.0,"BOM-R215 Top and Bottom Flyscreen Mounting Plate 35X30X2-001",32.0,0.0,"Shearing","Shearing (W) Operation","",0.0,"",0.0,1,"Completed",32.0,"W01_Shearing Machine","Shearing Machine"
"","","","","","","","","","","","","","","","","","","","","","","","","","","","","","","","","","","","","","","","","","","","","","","","","","","","","","","","","","","","","","","","","","","t4kb7r2nh7","2026-07-25 13:53:40",0.0,0.03336,"2026-07-25 13:53:38",1.0,"BOM-R215 Top and Bottom Flyscreen Mounting Plate 35X30X2-001",32.0,0.0,"Punching","Punching","",0.0,"",0.0,2,"Completed",32.0,"RP-26_Hydraulic Press","Corner Cutting, Punching, Folding and Blanking"
"WO/260714/0027","WO/.YY.MM.DD./.####.","Completed","R215 Bottom Flyscreen Center Plate 453X10X2","BOM-R215 Bottom Flyscreen Center Plate 453X10X2-001","Teksons Pvt Ltd",8.0,"WIP Warehouse - TPL","2026-07-14 00:00:00","R215 Bottom Flyscreen Center Plate 453X10X2","","",8.0,8.0,0.0,0.0,"",1,0,0,0,1,"Raw Material Stores - TPL","WIP Warehouse - TPL","Scrap Stores - TPL",0,0,0.0,"Work Order","2026-07-14 00:08:00","","2026-07-16 09:54:25","2026-07-16 09:54:28",0.04998,0.0,0.0,0.0,0.0,0.0,"R215 Bottom Flyscreen Center Plate 453X10X2","Nos","","","","PP/2607/29/0001","","suacs8chdp","","","t4klar6uke",0,0.568,5.13,0.0,0.568,"MS – 2MM Thk",1,"MS – 2MM Thk","MS – 2MM Thk","Shearing",1.0,0.568,0.0,"BOF Stores - TPL","Kg",0.568,"t4ku8apq8r","2026-07-16 09:54:28",0.0,0.04998,"2026-07-16 09:54:25",1.0,"BOM-R215 Bottom Flyscreen Center Plate 453X10X2-001",8.0,0.0,"Shearing","Shearing (W) Operation","",0.0,"",0.0,1,"Completed",8.0,"W01_Shearing Machine","Shearing Machine"
"WO/260714/0026","WO/.YY.MM.DD./.####.","Completed","R215 Bottom Flyscreen Wire Mash 903X475","BOM-R215 Bottom Flyscreen Wire Mash 903X475-001","Teksons Pvt Ltd",4.0,"WIP Warehouse - TPL","2026-07-14 00:00:00","R215 Bottom Flyscreen Wire Mesh 903X475","","",4.0,4.0,0.0,0.0,"",1,0,0,0,1,"Raw Material Stores - TPL","WIP Warehouse - TPL","Scrap Stores - TPL",0,0,0.0,"Work Order","2026-07-14 00:04:00","","2026-07-25 13:54:58","2026-07-25 13:55:00",0.03336,0.0,0.0,0.0,0.0,0.0,"R215 Bottom Flyscreen Wire Mash 903X475","Nos","","","","PP/2607/29/0001","","suaheum34r","","","t4kqukbf0g",0,1.128,12.588,0.0,1.128,"MS",1,"MS","MS","Rolling & Cutting",1.0,1.128,0.0,"BOF Stores - TPL","Kg",1.128,"t4k35hd2ga","2026-07-25 13:55:00",0.0,0.03336,"2026-07-25 13:54:58",1.0,"BOM-R215 Bottom Flyscreen Wire Mash 903X475-001",4.0,0.0,"Rolling & Cutting","Rolling & Cutting","",0.0,"",0.0,1,"Completed",4.0,"Manual Rolling and Cutting","Manual Rolling and Cutting"
"WO/260714/0025","WO/.YY.MM.DD./.####.","In Process","R215 Bottom Flyscreen Assembly","BOM-R215 Bottom Flyscreen Assembly-001","Teksons Pvt Ltd",4.0,"WIP Warehouse - TPL","2026-07-14 00:00:00","R215 Bottom Flyscreen Assembly","","",4.0,0.0,0.0,0.0,"",1,0,0,0,1,"Raw Material Stores - TPL","WIP Warehouse - TPL","Scrap Stores - TPL",0,0,0.0,"Work Order","2026-07-14 00:04:00","","2026-07-25 13:54:41","2026-07-25 13:54:51",0.16668,0.0,0.0,0.0,0.0,0.0,"Bottom Flyscreen Assembly","Nos","","","","PP/2607/29/0001","","suau2q5sn1","","","t4j7h4ebrb",0,1.12,0.0,1.0,0.0,"R215 Bottom Flyscreen Wire Mash 903X475",1,"R215 Bottom Flyscreen Wire Mash 903X475","R215 Bottom Flyscreen Wire Mesh 903X475","",0.28,4.0,0.0,"BOF Stores - TPL","Nos",0.0,"t4jmp7p5jt","2026-07-25 13:54:42",0.0,0.01668,"2026-07-25 13:54:41",1.0,"BOM-R215 Bottom Flyscreen Assembly-001",4.0,0.0,"Assembly","Assembly","",0.0,"",0.0,1,"Completed",4.0,"RA-04_Hydraulic","RA Assembly"
"","","","","","","","","","","","","","","","","","","","","","","","","","","","","","","","","","","","","","","","","","","","","","","","","","t4jubva59j",0,8.0,76.0,0.0,0.0,"U Piece Angle-1 910(L)*15(W)*7(T)",1,"U Piece Angle-1 for Flyscreen - 910(L)*15(W)*7(T)","U Piece Angle-1 for Flyscreen - 910(L)*15(W)*7(T)","",1.0,8.0,0.0,"BOF Stores - TPL","Nos",8.0,"t4j1a3fq6s","2026-07-25 13:54:51",0.0,0.03336,"2026-07-25 13:54:49",1.0,"BOM-R215 Bottom Flyscreen Assembly-001",4.0,0.0,"Painting","Painting","",0.0,"",0.0,1,"Completed",4.0,"Spray Painting","RA Painting"
"","","","","","","","","","","","","","","","","","","","","","","","","","","","","","","","","","","","","","","","","","","","","","","","","","t4joh49ac7",0,8.0,76.0,0.0,0.0,"U Piece Angle-2 529(W)*15(H)*7(T)",1,"U Piece Angle-2 for Flyscreen - 529(W)*15(H)*7(T)","U Piece Angle-2 for Flyscreen - 529(W)*15(H)*7(T)","",1.0,8.0,0.0,"BOF Stores - TPL","Nos",8.0,"","","","","","","","","","","","","","","","","","","",""
"","","","","","","","","","","","","","","","","","","","","","","","","","","","","","","","","","","","","","","","","","","","","","","","","","t4jk15mfka",0,0.56,0.0,2.0,0.0,"R215 Bottom Flyscreen Center Plate 453X10X2",1,"R215 Bottom Flyscreen Center Plate 453X10X2","R215 Bottom Flyscreen Center Plate 453X10X2","",0.07,8.0,0.0,"BOF Stores - TPL","Nos",0.0,"","","","","","","","","","","","","","","","","","","",""
"","","","","","","","","","","","","","","","","","","","","","","","","","","","","","","","","","","","","","","","","","","","","","","","","","t4jun9j367",0,0.32,0.0,8.0,0.0,"Top &amp; Bottom Flyscreen Mtg Plate 35X30X2",1,"R215 Top and Bottom Flyscreen Mounting Plate 35X30X2","R215 Top and Bottom Flyscreen Mounting Plate 35X30X2","",0.02,16.0,0.0,"BOF Stores - TPL","Nos",0.0,"","","","","","","","","","","","","","","","","","","",""
"WO/260714/0024","WO/.YY.MM.DD./.####.","Completed","R215 Bottom Cover Assembly","BOM-R215 Bottom Cover Assembly-001","Teksons Pvt Ltd",4.0,"WIP Warehouse - TPL","2026-07-14 00:00:00","R215 Bottom Cover Assembly","","",4.0,4.0,0.0,0.0,"",1,0,0,0,1,"Raw Material Stores - TPL","WIP Warehouse - TPL","Scrap Stores - TPL",0,0,0.0,"Work Order","2026-07-14 00:04:00","","2026-07-25 13:54:32","2026-07-25 13:54:33",0.01668,0.0,0.0,0.0,0.0,0.0,"R215 Bottom Cover Assy","Nos","","","","PP/2607/29/0001","","suaphl4122","","","t4j6j42qkv",0,4.0,19.0,1.0,4.0,"R215 Bottom Cover Assy",1,"R215 Bottom Cover Assembly","R215 Bottom Cover Assembly","Painting",1.0,4.0,0.0,"BOF Stores - TPL","Nos",4.0,"t4jphgtm0q","2026-07-25 13:54:33",0.0,0.01668,"2026-07-25 13:54:32",1.0,"BOM-R215 Bottom Cover Assembly-001",4.0,0.0,"Painting","Painting","",0.0,"",0.0,1,"Completed",4.0,"Spray Painting","RA Painting"
"WO/260714/0023","WO/.YY.MM.DD./.####.","Completed","Condenser Mounting Block 31X19X25","BOM-Condenser Mounting Block-001","Teksons Pvt Ltd",16.0,"WIP Warehouse - TPL","2026-07-14 00:00:00","Condenser Mounting Block 31X19X25","","",16.0,16.0,0.0,0.0,"",1,0,0,0,1,"Raw Material Stores - TPL","WIP Warehouse - TPL","Scrap Stores - TPL",0,0,0.0,"Work Order","2026-07-14 01:08:00","","2026-07-16 10:01:02","2026-07-25 13:57:38",13196.59998,0.0,0.0,0.0,0.0,0.0,"Condenser Mtg. Block 31X19X25","Nos","","","","PP/2607/29/0001","","suaev5vau4","","","t4j6diqif7",0,6.288,1.56,0.0,6.288,"Aluminium Extrusion No 0.0318C-ALU-2-0033 (31*19*25)",1,"Aluminium Extrusion No 0.0318C-ALU-2-0033 (31*19*25)","Aluminium Extrusion No 0.0318C-ALU-2-0033 (31*19*25)","",1.0,6.288,0.0,"BOF Stores - TPL","Kg",6.288,"t4jd472pf3","2026-07-16 10:01:04",0.0,0.03336,"2026-07-16 10:01:02",1.0,"BOM-Condenser Mounting Block-001",16.0,0.0,"Size Cutting","Size Cutting","",0.0,"",0.0,1,"Completed",16.0,"W-26_Accurate Cutting Machine","Accurate Cutting"
"","","","","","","","","","","","","","","","","","","","","","","","","","","","","","","","","","","","","","","","","","","","","","","","","","t4j71fh7h7",1,16.0,0.0,0.0,16.0,"Helicoil Insert M8 X 1.25 X 16Mm (2 D)",1,"Helicoil Insert M8 X 1.25 X 16Mm (2 D)","Helicoil Insert M8 X 1.25 X 16Mm (2 D)","",1.0,16.0,0.0,"Raw Material Stores - TPL","Nos",16.0,"t4jokag27f","2026-07-16 10:04:42",0.0,0.03336,"2026-07-16 10:04:40",1.0,"BOM-Condenser Mounting Block-001",16.0,0.0,"Drilling & Boring","Drilling & Boring","",0.0,"",0.0,2,"Completed",16.0,"TR-27_Makino","Drilling, Boring and Milling"
"","","","","","","","","","","","","","","","","","","","","","","","","","","","","","","","","","","","","","","","","","","","","","","","","","","","","","","","","","","","","","","","","","","t4j5s1vd6p","2026-07-25 13:57:38",0.0,0.03336,"2026-07-25 13:57:36",1.0,"BOM-Condenser Mounting Block-001",16.0,0.0,"Helicoil Insert","Helicoil Inserting","",0.0,"",0.0,3,"Completed",16.0,"01_Helicoil and Tapping","Helicoil & Tapping"
"WO/260714/0022","WO/.YY.MM.DD./.####.","Completed","Stay Block 50X25X150","BOM-Stay Block-001","Teksons Pvt Ltd",8.0,"WIP Warehouse - TPL","2026-07-14 00:00:00","Stay Block 50X25X150","","",8.0,8.0,0.0,0.0,"",1,0,0,0,1,"Raw Material Stores - TPL","WIP Warehouse - TPL","Scrap Stores - TPL",0,0,0.0,"Work Order","2026-07-14 00:26:00","","2026-07-16 10:00:41","2026-07-25 13:58:36",13197.91668,0.0,0.0,0.0,0.0,0.0,"Stay Block 50X25X150","Nos","","","","PP/2607/29/0001","","suadt4ndk6","","","t4j8nrbg6g",0,4.096,16.896,0.0,4.096,"Aluminium Extrusion No 0.0318C-ALU-2-0034 (50*25*150)",1,"Aluminium Extrusion No 0.0318C-ALU-2-0034 (50*25*150)","Aluminium Extrusion No 0.0318C-ALU-2-0034 (50*25*150)","",1.0,4.096,0.0,"BOF Stores - TPL","Kg",4.096,"t4jrufu5ns","2026-07-16 10:00:44",0.0,0.04998,"2026-07-16 10:00:41",1.0,"BOM-Stay Block-001",8.0,0.0,"Size Cutting","Size Cutting","",0.0,"",0.0,1,"Completed",8.0,"W-26_Accurate Cutting Machine","Accurate Cutting"
"","","","","","","","","","","","","","","","","","","","","","","","","","","","","","","","","","","","","","","","","","","","","","","","","","t4j47dgeq7",1,8.0,96.0,0.0,8.0,"Helicoil Insert M 12 X 1.75 X 18Mm",1,"Helicoil Insert M 12 X 1.75 X 18Mm","Helicoil Insert M 12 X 1.75 X 18Mm","",1.0,8.0,0.0,"Raw Material Stores - TPL","Nos",8.0,"t4jqgpnijl","2026-07-25 13:58:36",0.0,0.01668,"2026-07-25 13:58:35",1.0,"BOM-Stay Block-001",8.0,0.0,"Helicoil Insert","Helicoil Inserting","",0.0,"",0.0,2,"Completed",8.0,"01_Helicoil and Tapping","Helicoil & Tapping"
"WO/260714/0021","WO/.YY.MM.DD./.####.","Completed","R215 CAC Bottom Tank","BOM-R215 CAC Bottom Tank-001","Teksons Pvt Ltd",4.0,"WIP Warehouse - TPL","2026-07-14 00:00:00","R215 CAC Bottom Tank","","",4.0,4.0,0.0,0.0,"",1,0,0,0,1,"Raw Material Stores - TPL","WIP Warehouse - TPL","Scrap Stores - TPL",0,0,0.0,"Work Order","2026-07-14 00:18:00","","2026-07-16 10:00:29","2026-07-25 13:59:00",13198.51668,0.0,0.0,0.0,0.0,0.0,"CAC Bottom Tank","Nos","","","","PP/2607/29/0001","","sua4r6uqoh","","","t4irvtr15r",0,7.24,0.0,2.0,4.0,"CAC Top and Bottom Tank",1,"R215 CAC Top and Bottom Tank 110x113x7.5x186LG","R215 CAC Top and Bottom Tank 110x113x7.5x186LG","",1.81,4.0,0.0,"BOF Stores - TPL","Nos",0.0,"t4i5ilurrs","2026-07-16 10:00:31",0.0,0.03336,"2026-07-16 10:00:29",1.0,"BOM-R215 CAC Bottom Tank-001",4.0,0.0,"Drilling & Boring","Drilling & Boring","",0.0,"",0.0,1,"Completed",4.0,"TR-27_Makino","Drilling, Boring and Milling"
"","","","","","","","","","","","","","","","","","","","","","","","","","","","","","","","","","","","","","","","","","","","","","","","","","t4ibat2jir",1,16.0,68.0,0.0,16.0,"Helicoil Insert",1,"Helicoil Insert M10 X 1.5 X 15 Mm","Helicoil Insert M10 X 1.5 X 15 Mm","",1.0,16.0,0.0,"Raw Material Stores - TPL","Nos",16.0,"t4iq75cpls","2026-07-25 13:59:00",0.0,0.03336,"2026-07-25 13:58:58",1.0,"BOM-R215 CAC Bottom Tank-001",4.0,0.0,"Helicoil Insert","Helicoil Inserting","",0.0,"",0.0,2,"Completed",4.0,"01_Helicoil and Tapping","Helicoil & Tapping"
"WO/260714/0020","WO/.YY.MM.DD./.####.","Completed","R215 CAC Bottom Tank Sub Assy","BOM-CAC Bottom Tank Sub Assy-001","Teksons Pvt Ltd",4.0,"WIP Warehouse - TPL","2026-07-14 00:00:00","R215 CAC Bottom Tank Sub Assy","","",0.0,4.0,0.0,0.0,"",1,0,0,0,1,"Raw Material Stores - TPL","WIP Warehouse - TPL","Scrap Stores - TPL",0,0,0.0,"Work Order","2026-07-14 00:04:00","","2026-07-25 14:05:38","2026-07-25 14:05:40",0.03336,0.0,0.0,0.0,0.0,0.0,"CAC Bottom Tank Sub Assy","Nos","","","","PP/2607/29/0001","","sua0q5j0tr","","","t4ilc8h8mp",0,23.24,0.0,0.0,4.0,"CAC Bottom Tank",1,"R215 CAC Bottom Tank","R215 CAC Bottom Tank","Tank Assembly",5.81,4.0,0.0,"BOF Stores - TPL","Nos",0.0,"t4ihdgvogf","2026-07-25 14:05:40",0.0,0.03336,"2026-07-25 14:05:38",1.0,"BOM-CAC Bottom Tank Sub Assy-001",4.0,0.0,"Tank Assembly","Tank Assembly","",0.0,"",0.0,1,"Completed",4.0,"ALU-M-08_Mig Welding Machine","Mig Welding"
"","","","","","","","","","","","","","","","","","","","","","","","","","","","","","","","","","","","","","","","","","","","","","","","","","t4i9g9h70g",0,1.0,0.0,5.0,4.0,"CAC Inlet and Outlet Pipe",1,"R215 CAC Inlet and Outlet Pipe","R215 CAC Inlet and Outlet Pipe","Tank Assembly",0.25,4.0,0.0,"BOF Stores - TPL","Nos",0.0,"","","","","","","","","","","","","","","","","","","",""
"","","","","","","","","","","","","","","","","","","","","","","","","","","","","","","","","","","","","","","","","","","","","","","","","","t4ik6tnpdv",0,1.186666664,38.0,4.0,8.0,"Tank end plate for extrusion No  0239C-ALU-2-0001",1,"Tank End Plate 101.5*96*5 for Extrusion No 0239C-ALU-2-0001","Tank End Plate 101.5*96*5 for Extrusion No 0239C-ALU-2-0001","Tank Assembly",0.148333333,8.0,0.0,"BOF Stores - TPL","Nos",0.0,"","","","","","","","","","","","","","","","","","","",""
"WO/260714/0019","WO/.YY.MM.DD./.####.","Completed","R215 CAC Top and Bottom Tank 110x113x7.5x186LG","BOM-R215 CAC Top and Bottom Tank 110x113x7.5x186LG-001","Teksons Pvt Ltd",8.0,"WIP Warehouse - TPL","2026-07-14 00:00:00","R215 CAC Top and Bottom Tank 110x113x7.5x186LG","","",8.0,8.0,0.0,0.0,"",1,0,0,0,1,"Raw Material Stores - TPL","WIP Warehouse - TPL","Scrap Stores - TPL",0,0,0.0,"Work Order","2026-07-14 00:08:00","","2026-07-16 10:00:15","2026-07-16 10:00:17",0.03336,0.0,0.0,0.0,0.0,0.0,"CAC Top and Bottom Tank","Nos","","","","PP/2607/29/0001","","sua8jjedsd","","","t4idmim05k",0,14.48,68.78,0.0,14.48,"Aluminium Extrusion No 0239C-ALU-2-0001 110(H)*113(W)*7.5(T)*186Kg",1,"Aluminium Extrusion No 0239C-ALU-2-0001 110(H)*113(W)*7.5(T)*186Kg","Aluminium Extrusion No 0239C-ALU-2-0001 110(H)*113(W)*7.5(T)*186Kg","Size Cutting",1.0,14.48,0.0,"BOF Stores - TPL","Kg",14.48,"t4i5p0t405","2026-07-16 10:00:17",0.0,0.03336,"2026-07-16 10:00:15",1.0,"BOM-R215 CAC Top and Bottom Tank 110x113x7.5x186LG-001",8.0,0.0,"Size Cutting","Size Cutting","",0.0,"",0.0,1,"Completed",8.0,"W-26_Accurate Cutting Machine","Accurate Cutting"
"WO/260714/0018","WO/.YY.MM.DD./.####.","Completed","R215 CAC Top Tank","BOM-R215 CAC Top Tank-001","Teksons Pvt Ltd",4.0,"WIP Warehouse - TPL","2026-07-14 00:00:00","R215 CAC Top Tank","","",4.0,4.0,0.0,0.0,"",1,0,0,0,1,"Raw Material Stores - TPL","WIP Warehouse - TPL","Scrap Stores - TPL",0,0,0.0,"Work Order","2026-07-14 00:18:00","","2026-07-16 09:59:58","2026-07-25 13:58:47",13198.81668,0.0,0.0,0.0,0.0,0.0,"CAC Top Tank","Nos","","","","PP/2607/29/0001","","sua2mso1hh","","","t4ij0l94r4",0,7.24,0.0,2.0,4.0,"CAC Top and Bottom Tank",1,"R215 CAC Top and Bottom Tank 110x113x7.5x186LG","R215 CAC Top and Bottom Tank 110x113x7.5x186LG","",1.81,4.0,0.0,"BOF Stores - TPL","Nos",0.0,"t4i3u7h60j","2026-07-16 10:00:01",0.0,0.04998,"2026-07-16 09:59:58",1.0,"BOM-R215 CAC Top Tank-001",4.0,0.0,"Drilling & Boring","Drilling & Boring","",0.0,"",0.0,1,"Completed",4.0,"TR-27_Makino","Drilling, Boring and Milling"
"","","","","","","","","","","","","","","","","","","","","","","","","","","","","","","","","","","","","","","","","","","","","","","","","","t4irt33fs9",1,16.0,68.0,0.0,16.0,"Helicoil Insert",1,"Helicoil Insert M10 X 1.5 X 15 Mm","Helicoil Insert M10 X 1.5 X 15 Mm","",1.0,16.0,0.0,"Raw Material Stores - TPL","Nos",16.0,"t4ibq5buo9","2026-07-25 13:58:47",0.0,0.03336,"2026-07-25 13:58:45",1.0,"BOM-R215 CAC Top Tank-001",4.0,0.0,"Helicoil Insert","Helicoil Inserting","",0.0,"",0.0,2,"Completed",4.0,"01_Helicoil and Tapping","Helicoil & Tapping"
"WO/260714/0017","WO/.YY.MM.DD./.####.","Completed","R215 CAC Inlet and Outlet Pipe","BOM-CAC Inlet and Outlet Pipe-001","Teksons Pvt Ltd",8.0,"WIP Warehouse - TPL","2026-07-14 00:00:00","R215 CAC Inlet and Outlet Pipe","","",8.0,8.0,0.0,0.0,"",1,0,0,0,1,"Raw Material Stores - TPL","WIP Warehouse - TPL","Scrap Stores - TPL",0,0,0.0,"Work Order","2026-07-14 00:08:00","","2026-07-25 14:04:10","2026-07-25 14:04:12",0.03336,0.0,0.0,0.0,0.0,0.0,"CAC Inlet and Outlet Pipe","Nos","","","","PP/2607/29/0001","","sua1pbgrq7","","","t4i056htpb",0,2.024,9.614,0.0,2.024,"Aluminium Pipe ⌀ 76.0*3MM Thk",1,"Aluminium Pipe ⌀ 76.0*3MM Thk","Aluminium Pipe ⌀ 76.0*3MM Thk","Pipe Cutting",1.0,2.024,0.0,"BOF Stores - TPL","Kg",2.024,"t4ii92v2uf","2026-07-25 14:04:12",0.0,0.03336,"2026-07-25 14:04:10",1.0,"BOM-CAC Inlet and Outlet Pipe-001",8.0,0.0,"Pipe Cutting","Pipe Cutting","",0.0,"",0.0,1,"Completed",8.0,"Manual Cutting","Weld_Manual Cutting"
"WO/260714/0016","WO/.YY.MM.DD./.####.","Completed","Tank End Plate 110×5*595MM","BOM-Tank End Plate 110×5*595MM-001","Teksons Pvt Ltd",4.0,"WIP Warehouse - TPL","2026-07-14 00:00:00","Tank End Plate 110×5*595MM","","",4.0,4.0,0.0,0.0,"",1,0,0,0,1,"Raw Material Stores - TPL","WIP Warehouse - TPL","Scrap Stores - TPL",0,0,0.0,"Work Order","2026-07-14 00:04:00","","2026-07-16 09:59:45","2026-07-16 09:59:48",0.04998,0.0,0.0,0.0,0.0,0.0,"Tank End Plate 110×5*595MM","Nos","","","","PP/2607/29/0001","","sua17kbah5","","","11r10m3bhf",0,3.576,34.826,0.0,3.576,"Aluminium Plate 110*5*2250MM",1,"Aluminium Plate 110*5*2250MM","Aluminium Plate 110*5*2250MM","Size Cutting",1.0,3.576,0.0,"BOF Stores - TPL","Kg",3.576,"11rk32hvif","2026-07-16 09:59:48",0.0,0.04998,"2026-07-16 09:59:45",1.0,"BOM-Tank End Plate 110×5*595MM-001",4.0,0.0,"Size Cutting","Size Cutting","",0.0,"",0.0,1,"Completed",4.0,"W-26_Accurate Cutting Machine","Accurate Cutting"
"WO/260714/0015","WO/.YY.MM.DD./.####.","Completed","Tank End Plate 101.5*96*5 for Extrusion No 0239C-ALU-2-0001","BOM-Tank End Plate for Extrusion No 0239C-ALU-2-0001-001","Teksons Pvt Ltd",18.0,"WIP Warehouse - TPL","2026-07-14 00:00:00","Tank End Plate 101.5*96*5 for Extrusion No 0239C-ALU-2-0001","","",0.0,18.0,0.0,0.0,"",1,0,0,0,1,"Raw Material Stores - TPL","WIP Warehouse - TPL","Scrap Stores - TPL",0,0,0.0,"Work Order","2026-07-14 00:03:00","","2026-07-25 13:50:38","2026-07-25 13:50:40",0.03336,0.0,0.0,0.0,0.0,0.0,"Tank end plate for extrusion No  0239C-ALU-2-0001","Nos","","","","PP/2607/29/0001","","suarcdr3rk","","","0nb8af92m6",0,2.67,99.0,1.0,3.0,"Tank End Plate 110×5*595MM",1,"Tank End Plate 110×5*595MM","Tank End Plate 110×5*595MM","Blanking",0.89,3.0,0.0,"BOF Stores - TPL","Nos",0.0,"0nbkg8h2ej","2026-07-25 13:50:40",0.0,0.03336,"2026-07-25 13:50:38",1.0,"BOM-Tank End Plate for Extrusion No 0239C-ALU-2-0001-001",18.0,0.0,"Blanking","Blanking","",0.0,"",0.0,1,"Completed",3.0,"RP-26_Hydraulic Press","Corner Cutting, Punching, Folding and Blanking"
"WO/260714/0014","WO/.YY.MM.DD./.####.","Completed","R215 CAC Top Tank Sub Assy","BOM-CAC Top Tank Sub Assy-001","Teksons Pvt Ltd",4.0,"WIP Warehouse - TPL","2026-07-14 00:00:00","R215 CAC Top Tank Sub Assy","","",0.0,4.0,0.0,0.0,"",1,0,0,0,1,"Raw Material Stores - TPL","WIP Warehouse - TPL","Scrap Stores - TPL",0,0,0.0,"Work Order","2026-07-14 00:04:00","","2026-07-25 14:00:42","2026-07-25 14:00:43",0.01668,0.0,0.0,0.0,0.0,0.0,"CAC Top Tank Sub Assy","Nos","","","","PP/2607/29/0001","","sua4umolqm","","","t4hlbvtlr7",0,1.186666664,38.0,4.0,8.0,"Tank end plate for extrusion No  0239C-ALU-2-0001",1,"Tank End Plate 101.5*96*5 for Extrusion No 0239C-ALU-2-0001","Tank End Plate 101.5*96*5 for Extrusion No 0239C-ALU-2-0001","Tank Assembly",0.148333333,8.0,0.0,"BOF Stores - TPL","Nos",0.0,"t4hkm7eo61","2026-07-25 14:00:43",0.0,0.01668,"2026-07-25 14:00:42",1.0,"BOM-CAC Top Tank Sub Assy-001",4.0,0.0,"Tank Assembly","Tank Assembly","",0.0,"",0.0,1,"Completed",4.0,"ALU-M-08_Mig Welding Machine","Mig Welding"
"","","","","","","","","","","","","","","","","","","","","","","","","","","","","","","","","","","","","","","","","","","","","","","","","","t4hv24l80e",0,1.0,0.0,5.0,4.0,"CAC Inlet and Outlet Pipe",1,"R215 CAC Inlet and Outlet Pipe","R215 CAC Inlet and Outlet Pipe","Tank Assembly",0.25,4.0,0.0,"BOF Stores - TPL","Nos",0.0,"","","","","","","","","","","","","","","","","","","",""
"","","","","","","","","","","","","","","","","","","","","","","","","","","","","","","","","","","","","","","","","","","","","","","","","","t4haqsp42s",0,23.24,0.0,1.0,4.0,"CAC Top Tank",1,"R215 CAC Top Tank","R215 CAC Top Tank","Tank Assembly",5.81,4.0,0.0,"BOF Stores - TPL","Nos",0.0,"","","","","","","","","","","","","","","","","","","",""
"WO/260714/0013","WO/.YY.MM.DD./.####.","Completed","R215 Tube Sheet For CAC 0.6*110*941","BOM-R215 Tube Sheet For CAC 0.6*110*941-001","Teksons Pvt Ltd",80.0,"WIP Warehouse - TPL","2026-07-14 00:00:00","R215 Tube Sheet For CAC 0.6*110*941","","",80.0,80.0,0.0,0.0,"",1,0,0,0,1,"Raw Material Stores - TPL","WIP Warehouse - TPL","Scrap Stores - TPL",0,0,0.0,"Work Order","2026-07-14 01:20:00","","2026-07-25 13:44:02","2026-07-25 13:44:04",0.03336,0.0,0.0,0.0,0.0,0.0,"Tube Sheet For CAC 0.6*110*941","Nos","","","","PP/2607/29/0001","","suachlgu5g","","","t4h45nsdtn",0,13.6,231.8,0.0,13.6,"Aluminium Coil 0.6*110MM Thk",1,"Aluminium Coil 0.6*110MM","Aluminium Coil 0.6*110MM","Tube Sheet Cutting",1.0,13.6,0.0,"BOF Stores - TPL","Kg",13.6,"t4hjd8d4br","2026-07-25 13:44:04",0.0,0.03336,"2026-07-25 13:44:02",1.0,"BOM-R215 Tube Sheet For CAC 0.6*110*941-001",80.0,0.0,"Tube Sheet Cutting","Tube Sheet Cutting","",0.0,"",0.0,1,"Completed",80.0,"Cut To Length","Cut To Length"
"WO/260714/0012","WO/.YY.MM.DD./.####.","Completed","R215 Spacer Bar for CAC 8*10*941","BOM-R215 Spacer Bar for CAC 8*10*941-001","Teksons Pvt Ltd",72.0,"WIP Warehouse - TPL","2026-07-14 00:00:00","R215 Spacer Bar for CAC 8*10*941","","",72.0,72.0,0.0,0.0,"",1,0,0,0,1,"Raw Material Stores - TPL","WIP Warehouse - TPL","Scrap Stores - TPL",0,0,0.0,"Work Order","2026-07-14 01:12:00","","2026-07-25 13:43:45","2026-07-25 13:43:48",0.04998,0.0,0.0,0.0,0.0,0.0,"Spacer Bar for CAC 8*10*941","Nos","","","","PP/2607/29/0001","","suasatrnmq","","","t4hng0amd2",0,14.832,70.452,0.0,14.832,"Aluminium Spacer Bar ALU-STD-0028 (8*10)",1,"Aluminium Spacer Bar ALU-STD-0028 (8*10)","Aluminium Spacer Bar ALU-STD-0028 (8*10)","Bar Cutting",1.0,14.832,0.0,"BOF Stores - TPL","Kg",14.832,"t4hd0t1oq1","2026-07-25 13:43:48",0.0,0.04998,"2026-07-25 13:43:45",1.0,"BOM-R215 Spacer Bar for CAC 8*10*941-001",72.0,0.0,"Bar Cutting","Bar Cutting","",0.0,"",0.0,1,"Completed",72.0,"Bar_Circular Saw Machine","Aluminium Bar Cutting"
"WO/260714/0011","WO/.YY.MM.DD./.####.","Completed","Spacer Bar 9.5×15×110","BOM-Spacer Bar 9.5×15×110-001","Teksons Pvt Ltd",496.0,"WIP Warehouse - TPL","2026-07-14 00:00:00","Spacer Bar 9.5×15×110","","",496.0,496.0,0.0,0.0,"",1,0,0,0,1,"Raw Material Stores - TPL","WIP Warehouse - TPL","Scrap Stores - TPL",0,0,0.0,"Work Order","2026-07-14 08:16:00","","2026-07-25 13:43:34","2026-07-25 13:43:37",0.04998,0.0,0.0,0.0,0.0,0.0,"Spacer Bar 9.5×15×110","Nos","","","","PP/2607/29/0001","","sua9di636q","","","t4gq0vj4du",0,21.328,52.125,0.0,21.328,"Aluminium Spacer Bar ( ALU STD 0061 ) ( 9.5*15 )",1,"Aluminium Spacer Bar ( ALU STD 0061 ) ( 9.5*15 )","Aluminium Spacer Bar ( ALU STD 0061 ) ( 9.5*15 )","Bar Cutting",1.0,21.328,0.0,"BOF Stores - TPL","Kg",21.328,"t4g0rvjp9d","2026-07-25 13:43:37",0.0,0.04998,"2026-07-25 13:43:34",1.0,"BOM-Spacer Bar 9.5×15×110-001",496.0,0.0,"Bar Cutting","Bar Cutting","",0.0,"",0.0,1,"Completed",496.0,"Bar_Circular Saw Machine","Aluminium Bar Cutting"
"WO/260714/0010","WO/.YY.MM.DD./.####.","Completed","Internal Fin For CAC 0.2*200*90","BOM-Internal Fin For CAC 0.2*200*90-001","Teksons Pvt Ltd",144.0,"WIP Warehouse - TPL","2026-07-14 00:00:00","Internal Fin For CAC 0.2*200*90","","",144.0,144.0,0.0,0.0,"",1,0,0,0,1,"Raw Material Stores - TPL","WIP Warehouse - TPL","Scrap Stores - TPL",0,0,0.0,"Work Order","2026-07-14 02:24:00","","2026-07-25 13:43:23","2026-07-25 13:43:25",0.03336,0.0,0.0,0.0,0.0,0.0,"Internal Fin For CAC 0.2*200*90","Nos","","","","PP/2607/29/0001","","sua7gc65rh","","","t4gn3r9465",0,4.752,22.572,0.0,4.752,"Aluminium Coil 0.2×200MM",1,"Aluminium Coil 0.2×200MM","Aluminium Coil 0.2×200MM","Fin Forming",1.0,4.752,0.0,"BOF Stores - TPL","Kg",4.752,"t4gi4t8elq","2026-07-25 13:43:25",0.0,0.03336,"2026-07-25 13:43:23",1.0,"BOM-Internal Fin For CAC 0.2*200*90-001",144.0,0.0,"Fin Forming","Fin Forming","",0.0,"",0.0,1,"Completed",144.0,"AL-M-16_Zig-Zag Fin Machine","Fin Forming and Cutting"
"WO/260714/0009","WO/.YY.MM.DD./.####.","Completed","Internal Fin For CAC 0.2*140*90","BOM-Internal Fin For CAC 0.2*140*90-001","Teksons Pvt Ltd",36.0,"WIP Warehouse - TPL","2026-07-14 00:00:00","Internal Fin For CAC 0.2*140*90","","",36.0,36.0,0.0,0.0,"",1,0,0,0,1,"Raw Material Stores - TPL","WIP Warehouse - TPL","Scrap Stores - TPL",0,0,0.0,"Work Order","2026-07-14 00:36:00","","2026-07-25 13:43:07","2026-07-25 13:43:09",0.03336,0.0,0.0,0.0,0.0,0.0,"Internal Fin For CAC 0.2*140*90","Nos","","","","PP/2607/29/0001","","sualb2hg0i","","","t4g1e363sp",0,0.828,3.933,0.0,0.828,"Aluminium Coil 0.2×140",1,"Aluminium Coil 0.2×140","Aluminium Coil 0.2×140","Fin Forming",1.0,0.828,0.0,"BOF Stores - TPL","Kg",0.828,"t4g3n0k383","2026-07-25 13:43:09",0.0,0.03336,"2026-07-25 13:43:07",1.0,"BOM-Internal Fin For CAC 0.2*140*90-001",36.0,0.0,"Fin Forming","Fin Forming","",0.0,"",0.0,1,"Completed",36.0,"AL-M-16_Zig-Zag Fin Machine","Fin Forming and Cutting"
"WO/260714/0008","WO/.YY.MM.DD./.####.","Completed","R215 External Fin For CAC 0.3*110*911","BOM-R215 External Fin For CAC 0.3*110*911-001","Teksons Pvt Ltd",16.0,"WIP Warehouse - TPL","2026-07-14 00:00:00","R215 External Fin For CAC 0.3*110*911","","",16.0,16.0,0.0,0.0,"",1,0,0,0,1,"Raw Material Stores - TPL","WIP Warehouse - TPL","Scrap Stores - TPL",0,0,0.0,"Work Order","2026-07-14 00:16:00","","2026-07-25 13:42:56","2026-07-25 13:42:59",0.04998,0.0,0.0,0.0,0.0,0.0,"External Fin For CAC 0.3*110*911","Nos","","","","PP/2607/29/0001","","suakjef6db","","","t4g1ltqa57",0,5.152,243.922,0.0,5.152,"Aluminium Coil 0.3*110MM",1,"Aluminium Coil 0.3*110MM","Aluminium Coil 0.3*110MM","Fin Forming",1.0,5.152,0.0,"BOF Stores - TPL","Kg",5.152,"t4g7qrsk4m","2026-07-25 13:42:59",0.0,0.04998,"2026-07-25 13:42:56",1.0,"BOM-R215 External Fin For CAC 0.3*110*911-001",16.0,0.0,"Fin Forming","Fin Forming","",0.0,"",0.0,1,"Completed",16.0,"AL-M-16_Zig-Zag Fin Machine","Fin Forming and Cutting"
"WO/260714/0007","WO/.YY.MM.DD./.####.","Completed","R215 External Fin For CAC 0.2*110*911","BOM-R215 External Fin For CAC 0.2*110*911-001","Teksons Pvt Ltd",24.0,"WIP Warehouse - TPL","2026-07-14 00:00:00","R215 External Fin For CAC 0.2*110*911","","",24.0,24.0,0.0,0.0,"",1,0,0,0,1,"Raw Material Stores - TPL","WIP Warehouse - TPL","Scrap Stores - TPL",0,0,0.0,"Work Order","2026-07-14 00:24:00","","2026-07-25 13:42:41","2026-07-25 13:42:43",0.03336,0.0,0.0,0.0,0.0,0.0,"External Fin For CAC 0.2*110*911","Nos","","","","PP/2607/29/0001","","suagfuaphd","","","t4gcajai0b",0,5.16,107.901,0.0,5.16,"Aluminium Coil 0.2*110",1,"Aluminium Coil 0.2*110","Aluminium Coil 0.2*110","Fin Forming",1.0,5.16,0.0,"BOF Stores - TPL","Kg",5.16,"t4gdau48i2","2026-07-25 13:42:43",0.0,0.03336,"2026-07-25 13:42:41",1.0,"BOM-R215 External Fin For CAC 0.2*110*911-001",24.0,0.0,"Fin Forming","Fin Forming","",0.0,"",0.0,1,"Completed",24.0,"AL-M-16_Zig-Zag Fin Machine","Fin Forming and Cutting"
"WO/260714/0006","WO/.YY.MM.DD./.####.","Completed","R215 CAC Core End Plate 5X165X941","BOM-R215 CAC Core End Plate 5X165X941-001","Teksons Pvt Ltd",4.0,"WIP Warehouse - TPL","2026-07-14 00:00:00","R215 CAC Core End Plate 5X165X941","","",4.0,4.0,0.0,0.0,"",1,0,0,0,1,"Raw Material Stores - TPL","WIP Warehouse - TPL","Scrap Stores - TPL",0,0,0.0,"Work Order","2026-07-14 00:04:00","","2026-07-16 09:54:09","2026-07-16 09:54:11",0.03336,0.0,0.0,0.0,0.0,0.0,"R215 CAC Core End Plate 5X165X941","Nos","","","","PP/2607/29/0001","","sua2o2bt8v","","","t4fi5kcprb",0,8.48,83.98,0.0,8.48,"Aluminium Sheet 5MM Thk",1,"Aluminium Sheet 5MM Thk","Aluminium Sheet 5MM Thk","Shearing",1.0,8.48,0.0,"BOF Stores - TPL","Kg",8.48,"t4fjg29crf","2026-07-16 09:54:11",0.0,0.03336,"2026-07-16 09:54:09",1.0,"BOM-R215 CAC Core End Plate 5X165X941-001",4.0,0.0,"Shearing","Shearing (W) Operation","",0.0,"",0.0,1,"Completed",4.0,"W01_Shearing Machine","Shearing Machine"
"WO/260714/0005","WO/.YY.MM.DD./.####.","Completed","R215 CAC Core End Plate 5X140X941","BOM-R215 CAC Core End Plate 5X140X941-001","Teksons Pvt Ltd",4.0,"WIP Warehouse - TPL","2026-07-14 00:00:00","R215 CAC Core End Plate 5X140X941","","",4.0,4.0,0.0,0.0,"",1,0,0,0,1,"Raw Material Stores - TPL","WIP Warehouse - TPL","Scrap Stores - TPL",0,0,0.0,"Work Order","2026-07-14 00:18:00","","2026-07-25 13:54:22","2026-07-25 14:10:57",16.58334,0.0,0.0,0.0,0.0,0.0,"CAC Core End Plate 5*140*941","Nos","","","","PP/2607/29/0001","","suafeiblcd","","","t4f42cnaai",0,8.48,99.0,1.0,4.0,"R215 CAC Core End Plate 5X165X941",1,"R215 CAC Core End Plate 5X165X941","R215 CAC Core End Plate 5X165X941","",2.12,4.0,0.0,"BOF Stores - TPL","Nos",4.0,"t4fcj7q8mo","2026-07-25 13:54:24",0.0,0.03336,"2026-07-25 13:54:22",1.0,"BOM-R215 CAC Core End Plate 5X140X941-001",4.0,0.0,"Folding","Folding","",0.0,"",0.0,1,"Completed",4.0,"RA-15_Hydraulic Press","Folding"
"","","","","","","","","","","","","","","","","","","","","","","","","","","","","","","","","","","","","","","","","","","","","","","","","","","","","","","","","","","","","","","","","","","t4fh8setl5","2026-07-25 14:10:57",0.0,0.03336,"2026-07-25 14:10:55",1.0,"BOM-R215 CAC Core End Plate 5X140X941-001",4.0,0.0,"Sr. No. Punching","Sr. No. Punching","",0.0,"",0.0,2,"Completed",4.0,"RP-36_Hydro Pneumatic Press Machine","Sr. No. Punching"
"WO/260714/0004","WO/.YY.MM.DD./.####.","Completed","R215 CAC Core End Plate 2.5X110X941","BOM-R215 CAC Core End Plate 2.5X110X941-001","Teksons Pvt Ltd",4.0,"WIP Warehouse - TPL","2026-07-14 00:00:00","R215 CAC Core End Plate 2.5X110X941","","",4.0,4.0,0.0,0.0,"",1,0,0,0,1,"Raw Material Stores - TPL","WIP Warehouse - TPL","Scrap Stores - TPL",0,0,0.0,"Work Order","2026-07-14 00:04:00","","2026-07-16 09:52:36","2026-07-16 09:52:40",0.06666,0.0,0.0,0.0,0.0,0.0,"R215 CAC Core End Plate 2.5X110X941","Nos","","","","PP/2607/29/0001","","suapcdqm3e","","","t4fgcc85al",0,2.824,44.373,0.0,2.824,"Aluminium Sheet 2.5MM Thk Without Cladded",1,"Aluminium Sheet 2.5MM Thk Without Cladded","Aluminium Sheet 2.5MM Thk Without Cladded","Shearing",1.0,2.824,0.0,"BOF Stores - TPL","Kg",2.824,"t4fn31e2oi","2026-07-16 09:52:40",0.0,0.06666,"2026-07-16 09:52:36",1.0,"BOM-R215 CAC Core End Plate 2.5X110X941-001",4.0,0.0,"Shearing","Shearing (W) Operation","",0.0,"",0.0,1,"Completed",4.0,"W01_Shearing Machine","Shearing Machine"
"WO/260714/0003","WO/.YY.MM.DD./.####.","Not Started","R215 CAC Core","BOM-R215 CAC Core-001","Teksons Pvt Ltd",4.0,"WIP Warehouse - TPL","2026-07-14 00:00:00","R215 CAC Core","","",0.0,0.0,0.0,0.0,"",1,0,0,0,1,"Raw Material Stores - TPL","WIP Warehouse - TPL","Scrap Stores - TPL",0,0,0.0,"Work Order","2026-07-14 00:18:00","","2026-07-25 12:26:58","2026-07-25 13:46:49",79.84998,0.0,0.0,0.0,0.0,0.0,"Core Assembly for CAC","Nos","","","","PP/2607/29/0001","","suadhfmjo8","","","t4ftfdqigp",0,2.84,0.0,1.0,0.0,"R215 CAC Core End Plate 2.5X110X941",1,"R215 CAC Core End Plate 2.5X110X941","R215 CAC Core End Plate 2.5X110X941","",0.71,4.0,0.0,"BOF Stores - TPL","Nos",0.0,"t4ffajbta3","2026-07-25 12:27:02",0.0,0.06666,"2026-07-25 12:26:58",1.0,"BOM-R215 CAC Core-001",4.0,0.0,"Core Assembly","Core Assembly","",0.0,"",0.0,1,"Completed",4.0,"01_Fixing Table","Core Fixing"
"","","","","","","","","","","","","","","","","","","","","","","","","","","","","","","","","","","","","","","","","","","","","","","","","","t4fooao0t6",0,8.48,99.0,1.0,0.0,"CAC Core End Plate 5*140*941",1,"R215 CAC Core End Plate 5X140X941","R215 CAC Core End Plate 5X140X941","",2.12,4.0,0.0,"BOF Stores - TPL","Nos",0.0,"t4fp2jvb4k","2026-07-25 13:46:49",0.0,0.03336,"2026-07-25 13:46:47",1.0,"BOM-R215 CAC Core-001",4.0,0.0,"Core Brazing","Core Brazing","",0.0,"",0.0,2,"Completed",4.0,"Brazing Furnace","Brazing Furnace"
"","","","","","","","","","","","","","","","","","","","","","","","","","","","","","","","","","","","","","","","","","","","","","","","","","t4f3fppc4p",0,5.28,0.0,6.0,0.0,"External Fin For CAC 0.2*110*911",1,"R215 External Fin For CAC 0.2*110*911","R215 External Fin For CAC 0.2*110*911","",0.22,24.0,0.0,"BOF Stores - TPL","Nos",0.0,"","","","","","","","","","","","","","","","","","","",""
"","","","","","","","","","","","","","","","","","","","","","","","","","","","","","","","","","","","","","","","","","","","","","","","","","t4fg44b7hv",0,5.12,0.0,4.0,0.0,"External Fin For CAC 0.3*110*911",1,"R215 External Fin For CAC 0.3*110*911","R215 External Fin For CAC 0.3*110*911","",0.32,16.0,0.0,"BOF Stores - TPL","Nos",0.0,"","","","","","","","","","","","","","","","","","","",""
"","","","","","","","","","","","","","","","","","","","","","","","","","","","","","","","","","","","","","","","","","","","","","","","","","t4f12bhs2f",0,0.72,0.0,9.0,0.0,"Internal Fin For CAC 0.2*140*90",1,"Internal Fin For CAC 0.2*140*90","Internal Fin For CAC 0.2*140*90","",0.02,36.0,0.0,"BOF Stores - TPL","Nos",0.0,"","","","","","","","","","","","","","","","","","","",""
"","","","","","","","","","","","","","","","","","","","","","","","","","","","","","","","","","","","","","","","","","","","","","","","","","t4fou6gsh8",0,4.32,0.0,36.0,0.0,"Internal Fin For CAC 0.2*200*90",1,"Internal Fin For CAC 0.2*200*90","Internal Fin For CAC 0.2*200*90","",0.03,144.0,0.0,"BOF Stores - TPL","Nos",0.0,"","","","","","","","","","","","","","","","","","","",""
"","","","","","","","","","","","","","","","","","","","","","","","","","","","","","","","","","","","","","","","","","","","","","","","","","t4fuglo7lo",0,3.2,0.0,229.0,0.0,"Spacer Bar 9.5×15×110",1,"Spacer Bar 9.5×15×110","Spacer Bar 9.5×15×110","",0.04,80.0,0.0,"BOF Stores - TPL","Nos",0.0,"","","","","","","","","","","","","","","","","","","",""
"","","","","","","","","","","","","","","","","","","","","","","","","","","","","","","","","","","","","","","","","","","","","","","","","","t4fqfpf36u",0,15.12,0.0,18.0,0.0,"Spacer Bar for CAC 8*10*941",1,"R215 Spacer Bar for CAC 8*10*941","R215 Spacer Bar for CAC 8*10*941","",0.21,72.0,0.0,"BOF Stores - TPL","Nos",0.0,"","","","","","","","","","","","","","","","","","","",""
"","","","","","","","","","","","","","","","","","","","","","","","","","","","","","","","","","","","","","","","","","","","","","","","","","t4f97v2i7u",0,13.6,0.0,20.0,0.0,"Tube Sheet For CAC 0.6*110*941",1,"R215 Tube Sheet For CAC 0.6*110*941","R215 Tube Sheet For CAC 0.6*110*941","",0.17,80.0,0.0,"BOF Stores - TPL","Nos",0.0,"","","","","","","","","","","","","","","","","","","",""
"WO/260714/0002","WO/.YY.MM.DD./.####.","Not Started","R215 CAC","BOM-R215 CAC-001","Teksons Pvt Ltd",4.0,"WIP Warehouse - TPL","2026-07-14 00:00:00","Charge Air Cooler","","",0.0,0.0,0.0,0.0,"",1,0,0,0,1,"Raw Material Stores - TPL","WIP Warehouse - TPL","Scrap Stores - TPL",0,0,0.0,"Work Order","2026-07-14 00:32:00","","","",0.0,0.0,0.0,0.0,0.0,0.0,"Charge Air Cooler","Nos","","","","PP/2607/29/0001","","sua8nd0di9","","","t4ebador9f",0,58.68,0.0,0.0,0.0,"Core Assembly for CAC",1,"R215 CAC Core","R215 CAC Core","",14.67,4.0,0.0,"Stores - TPL","Nos",0.0,"t4e37n87dv","",0.0,0.0,"",1.0,"BOM-R215 CAC-001",0.0,0.0,"Tank To Core","Tank To Core Tack Weld","",0.0,"",0.0,1,"Pending",4.0,"","Mig Welding"
"","","","","","","","","","","","","","","","","","","","","","","","","","","","","","","","","","","","","","","","","","","","","","","","","","t4evom34cb",0,25.44,0.0,5.0,0.0,"CAC Top Tank Sub Assy",1,"R215 CAC Top Tank Sub Assy","R215 CAC Top Tank Sub Assy","",6.36,4.0,0.0,"BOF Stores - TPL","Nos",0.0,"t4ej44od0l","",0.0,0.0,"",1.0,"BOM-R215 CAC-001",0.0,0.0,"Angle Assembly","Angle Assembly","",0.0,"",0.0,2,"Pending",4.0,"","Mig Welding"
"","","","","","","","","","","","","","","","","","","","","","","","","","","","","","","","","","","","","","","","","","","","","","","","","","t4el7cr8il",0,25.44,0.0,0.0,0.0,"CAC Bottom Tank Sub Assy",1,"R215 CAC Bottom Tank Sub Assy","R215 CAC Bottom Tank Sub Assy","",6.36,4.0,0.0,"BOF Stores - TPL","Nos",0.0,"t4e6qnrd6f","",0.0,0.0,"",1.0,"BOM-R215 CAC-001",0.0,0.0,"Leak Testing","Leak Testing (Wet)","",0.0,"",0.0,3,"Pending",4.0,"","Leak Test"
"","","","","","","","","","","","","","","","","","","","","","","","","","","","","","","","","","","","","","","","","","","","","","","","","","t4e44opp0s",0,6.04,0.0,6.0,0.0,"Stay Block",1,"Stay Block 50X25X150","Stay Block 50X25X150","",1.51,4.0,0.0,"BOF Stores - TPL","Nos",0.0,"","","","","","","","","","","","","","","","","","","",""
"","","","","","","","","","","","","","","","","","","","","","","","","","","","","","","","","","","","","","","","","","","","","","","","","","t4eal1kveg",0,11.12,0.0,2.0,0.0,"Condenser Mtg. Block 31X19X25",1,"Condenser Mounting Block 31X19X25","Condenser Mounting Block 31X19X25","",1.39,8.0,0.0,"BOF Stores - TPL","Nos",0.0,"","","","","","","","","","","","","","","","","","","",""
"WO/260714/0001","WO/.YY.MM.DD./.####.","In Process","R215 Combi Cooler","BOM-R215-001","Teksons Pvt Ltd",4.0,"Finish Goods Stores - TPL","2026-07-14 00:00:00","Hyundai R215 Combi Cooler","","",4.0,0.0,0.0,0.0,"",1,0,0,0,1,"Raw Material Stores - TPL","WIP Warehouse - TPL","Scrap Stores - TPL",0,0,0.0,"Work Order","2026-07-14 00:18:00","","2026-07-24 11:31:25","2026-07-25 14:01:32",1590.11664,0.0,0.0,0.0,0.0,0.0,"398 Product","Nos","","","","PP/2607/29/0001","smprl693ju","","","","t4ev737o8v",0,126.72,0.0,1.0,0.0,"Charge Air Cooler",1,"R215 CAC","Charge Air Cooler","",31.68,4.0,0.0,"BOF Stores - TPL","Nos",0.0,"t4eqsruku8","2026-07-24 11:31:30",0.0,0.08334,"2026-07-24 11:31:25",1.0,"BOM-R215-001",4.0,0.0,"Final Assembly","Final Assembly","",0.0,"",0.0,1,"Completed",4.0,"Final Assembly","Final Assembly"
"","","","","","","","","","","","","","","","","","","","","","","","","","","","","","","","","","","","","","","","","","","","","","","","","","t4em0ed06h",0,4.0,19.0,1.0,0.0,"R215 Bottom Cover Assy",1,"R215 Bottom Cover Assembly","R215 Bottom Cover Assembly","",1.0,4.0,0.0,"BOF Stores - TPL","Nos",0.0,"t4evkskb81","2026-07-25 14:01:32",0.0,0.3,"2026-07-25 14:01:14",1.0,"BOM-R215-001",4.0,0.0,"PDI","Pre Despatch Inspection","",0.0,"",0.0,2,"Completed",4.0,"PDI","PDI"
"","","","","","","","","","","","","","","","","","","","","","","","","","","","","","","","","","","","","","","","","","","","","","","","","","t4eug5j5lb",0,18.0,0.0,1.0,0.0,"Bottom Flyscreen Assembly",1,"R215 Bottom Flyscreen Assembly","R215 Bottom Flyscreen Assembly","",4.5,4.0,0.0,"BOF Stores - TPL","Nos",0.0,"","","","","","","","","","","","","","","","","","","",""
"","","","","","","","","","","","","","","","","","","","","","","","","","","","","","","","","","","","","","","","","","","","","","","","","","t4eqlb80mk",0,8.0,38.0,0.0,0.0,"Bottom Foam",1,"Bottom Foam","Bottom Foam","",1.0,8.0,0.0,"BOF Stores - TPL","Nos",8.0,"","","","","","","","","","","","","","","","","","","",""
"","","","","","","","","","","","","","","","","","","","","","","","","","","","","","","","","","","","","","","","","","","","","","","","","","t4err9l70f",0,48.0,228.0,0.0,0.0,"C Clamp Spacer",1,"C Clamp Spacer","C Clamp Spacer","",1.0,48.0,0.0,"BOF Stores - TPL","Nos",48.0,"","","","","","","","","","","","","","","","","","","",""
"","","","","","","","","","","","","","","","","","","","","","","","","","","","","","","","","","","","","","","","","","","","","","","","","","t4ebvlp4ph",0,33.28,0.0,8.0,0.0,"Cage For M8 Sq Nut 182X50X0.5",1,"Cage For M8 Sq Nut 182X50X0.5","Cage For M8 Sq Nut 182X50X0.5","",1.04,32.0,0.0,"BOF Stores - TPL","Nos",0.0,"","","","","","","","","","","","","","","","","","","",""
"","","","","","","","","","","","","","","","","","","","","","","","","","","","","","","","","","","","","","","","","","","","","","","","","","t4ed0ejo1i",0,4.0,19.0,0.0,0.0,"EPDM Drain Hose",1,"EPDM Drain Hose","EPDM Drain Hose","",1.0,4.0,0.0,"BOF Stores - TPL","Nos",4.0,"","","","","","","","","","","","","","","","","","","",""
"","","","","","","","","","","","","","","","","","","","","","","","","","","","","","","","","","","","","","","","","","","","","","","","","","t4ee2vmffa",0,4.0,19.0,1.0,0.0,"Fan Cowl",1,"R215 Fan Cowl","R215 Fan Cowl","",1.0,4.0,0.0,"BOF Stores - TPL","Nos",0.0,"","","","","","","","","","","","","","","","","","","",""
"","","","","","","","","","","","","","","","","","","","","","","","","","","","","","","","","","","","","","","","","","","","","","","","","","t4ede5itda",0,4.0,19.0,0.0,0.0,"Finger Guard",1,"R215 Finger Guard","R215 Finger Guard","",1.0,4.0,0.0,"Stores - TPL","Nos",4.0,"","","","","","","","","","","","","","","","","","","",""
"","","","","","","","","","","","","","","","","","","","","","","","","","","","","","","","","","","","","","","","","","","","","","","","","","t4eba18sr6",0,8.0,38.0,0.0,0.0,"Foam for CAC",1,"Foam for CAC","Foam for CAC","",1.0,8.0,0.0,"BOF Stores - TPL","Nos",8.0,"","","","","","","","","","","","","","","","","","","",""
"","","","","","","","","","","","","","","","","","","","","","","","","","","","","","","","","","","","","","","","","","","","","","","","","","t4erv7r1v6",0,8.0,38.0,0.0,0.0,"Foam for gap B/W Cooler and F/C",1,"Foam for gap B/W Cooler and F/C","Foam for gap B/W Cooler and F/C","",1.0,8.0,0.0,"BOF Stores - TPL","Nos",8.0,"","","","","","","","","","","","","","","","","","","",""
"","","","","","","","","","","","","","","","","","","","","","","","","","","","","","","","","","","","","","","","","","","","","","","","","","t4e49il3p1",0,8.0,38.0,0.0,0.0,"Foam for OIL Cooler",1,"Foam for OIL Cooler","Foam for OIL Cooler","",1.0,8.0,0.0,"BOF Stores - TPL","Nos",8.0,"","","","","","","","","","","","","","","","","","","",""
"","","","","","","","","","","","","","","","","","","","","","","","","","","","","","","","","","","","","","","","","","","","","","","","","","t4es7om5qr",0,72.0,342.0,0.0,0.0,"HEX Head Bolt M8*1.25P*25LG",1,"HEX Head Bolt M8*1.25P*25LG","HEX Head Bolt M8*1.25P*25LG","",1.0,72.0,0.0,"BOF Stores - TPL","Nos",72.0,"","","","","","","","","","","","","","","","","","","",""
"","","","","","","","","","","","","","","","","","","","","","","","","","","","","","","","","","","","","","","","","","","","","","","","","","t4efg6vmts",0,112.0,532.0,0.0,0.0,"HEX Head Bolt M10*1.5P*30LG",1,"HEX Head Bolt M10*1.5P*30LG","HEX Head Bolt M10*1.5P*30LG","",1.0,112.0,0.0,"BOF Stores - TPL","Nos",112.0,"","","","","","","","","","","","","","","","","","","",""
"","","","","","","","","","","","","","","","","","","","","","","","","","","","","","","","","","","","","","","","","","","","","","","","","","t4e4mo6bp0",0,4.0,19.0,0.0,0.0,"Hose Clip",1,"Hose Clip","Hose Clip","",1.0,4.0,0.0,"BOF Stores - TPL","Nos",4.0,"","","","","","","","","","","","","","","","","","","",""
"","","","","","","","","","","","","","","","","","","","","","","","","","","","","","","","","","","","","","","","","","","","","","","","","","t4eujj16b9",0,4.0,99.0,1.0,0.0,"LH – RH Condenser MTG BKT",1,"R215 LH – RH Condenser MTG BKT","R215 LH – RH Condenser MTG BKT","",1.0,4.0,0.0,"BOF Stores - TPL","Set",4.0,"","","","","","","","","","","","","","","","","","","",""
"","","","","","","","","","","","","","","","","","","","","","","","","","","","","","","","","","","","","","","","","","","","","","","","","","t4e2ptobe2",0,4.16,0.0,1.0,0.0,"MS Plate-2",1,"R215 Ms Plate-2 (144X22X1.5)","R215 Ms Plate-2 (144X22X1.5)","",1.04,4.0,0.0,"BOF Stores - TPL","Nos",0.0,"","","","","","","","","","","","","","","","","","","",""
"","","","","","","","","","","","","","","","","","","","","","","","","","","","","","","","","","","","","","","","","","","","","","","","","","t4eejsqnbi",0,4.12,0.0,1.0,0.0,"MS Plate-1",1,"R215 Ms Plate-1(102X22X1.5)","R215 Ms Plate-1(102X22X1.5)","",1.03,4.0,0.0,"BOF Stores - TPL","Nos",0.0,"","","","","","","","","","","","","","","","","","","",""
"","","","","","","","","","","","","","","","","","","","","","","","","","","","","","","","","","","","","","","","","","","","","","","","","","t4egapk1sn",0,8.0,38.0,0.0,0.0,"Nuts",1,"M8 Nuts","M8 Nuts","",1.0,8.0,0.0,"BOF Stores - TPL","Nos",8.0,"","","","","","","","","","","","","","","","","","","",""
"","","","","","","","","","","","","","","","","","","","","","","","","","","","","","","","","","","","","","","","","","","","","","","","","","t4eelr9v9b",0,279.72,0.0,1.0,0.0,"Oil Cooler",1,"R215 OC","R215 OC","",69.93,4.0,0.0,"Stores - TPL","Nos",0.0,"","","","","","","","","","","","","","","","","","","",""
"","","","","","","","","","","","","","","","","","","","","","","","","","","","","","","","","","","","","","","","","","","","","","","","","","t4ehp5b9at",0,112.0,532.0,0.0,0.0,"Plain washer (forM10)",1,"M10 Plain Washer","Plain washer (for M10)","",1.0,112.0,0.0,"BOF Stores - TPL","Nos",112.0,"","","","","","","","","","","","","","","","","","","",""
"","","","","","","","","","","","","","","","","","","","","","","","","","","","","","","","","","","","","","","","","","","","","","","","","","t4ebdvtn6h",0,104.0,494.0,0.0,0.0,"Plain washer (forM8)",1,"M8 Plain Washer","Plain washer (for M8)","",1.0,104.0,0.0,"BOF Stores - TPL","Nos",104.0,"","","","","","","","","","","","","","","","","","","",""
"","","","","","","","","","","","","","","","","","","","","","","","","","","","","","","","","","","","","","","","","","","","","","","","","","t4ecbq7ret",0,168.92,0.0,1.0,0.0,"Radiator",1,"R215 RAD","R215 RAD","",42.23,4.0,0.0,"Stores - TPL","Nos",0.0,"","","","","","","","","","","","","","","","","","","",""
"","","","","","","","","","","","","","","","","","","","","","","","","","","","","","","","","","","","","","","","","","","","","","","","","","t4esmc0r4r",0,16.0,96.0,0.0,0.0,"Rivets - 4.8 X 12.5",1,"Rivets - 4.8 X 12.5","Rivets - 4.8 X 12.5","",1.0,16.0,0.0,"Stores - TPL","Nos",16.0,"","","","","","","","","","","","","","","","","","","",""
"","","","","","","","","","","","","","","","","","","","","","","","","","","","","","","","","","","","","","","","","","","","","","","","","","t4eslk0njq",0,112.0,532.0,0.0,0.0,"Spring washer (forM10)",1,"M10 Spring Washer","Spring washer (for M10)","",1.0,112.0,0.0,"BOF Stores - TPL","Nos",112.0,"","","","","","","","","","","","","","","","","","","",""
"","","","","","","","","","","","","","","","","","","","","","","","","","","","","","","","","","","","","","","","","","","","","","","","","","t4ejuhsk5e",0,104.0,494.0,0.0,0.0,"Spring washer (forM8)",1,"M8 Spring Washer","Spring Washer (for M8)","",1.0,104.0,0.0,"BOF Stores - TPL","Nos",104.0,"","","","","","","","","","","","","","","","","","","",""
"","","","","","","","","","","","","","","","","","","","","","","","","","","","","","","","","","","","","","","","","","","","","","","","","","t4eamefpe5",0,4.0,19.0,1.0,0.0,"R215 Top Cover Assy",1,"R215 Top Cover Assembly","R215 Top Cover Assembly","",1.0,4.0,0.0,"BOF Stores - TPL","Nos",0.0,"","","","","","","","","","","","","","","","","","","",""
"","","","","","","","","","","","","","","","","","","","","","","","","","","","","","","","","","","","","","","","","","","","","","","","","","t4ecchnfea",0,18.48,0.0,1.0,0.0,"Top Flyscreen Assembly",1,"R215 Top Flyscreen Assembly","R215 Top Flyscreen Assembly","",4.62,4.0,0.0,"Stores - TPL","Nos",0.0,"","","","","","","","","","","","","","","","","","","",""
"","","","","","","","","","","","","","","","","","","","","","","","","","","","","","","","","","","","","","","","","","","","","","","","","","t4e64t9dk2",0,32.0,152.0,0.0,0.0,"Wing Bolt",1,"Wing Bolt","Wing Bolt","",1.0,32.0,0.0,"BOF Stores - TPL","Nos",32.0,"","","","","","","","","","","","","","","","","","","",""
"","","","","","","","","","","","","","","","","","","","","","","","","","","","","","","","","","","","","","","","","","","","","","","","","","t4en27p1d8",0,4.0,19.0,0.0,0.0,"Pressure Cap",1,"Pressure Cap","Pressure Cap","",1.0,4.0,0.0,"BOF Stores - TPL","Nos",4.0,"","","","","","","","","","","","","","","","","","","",""
"","","","","","","","","","","","","","","","","","","","","","","","","","","","","","","","","","","","","","","","","","","","","","","","","","t4e2lp01d5",0,4.0,19.0,0.0,0.0,"Foam",1,"Foam","Foam","",1.0,4.0,0.0,"BOF Stores - TPL","Set",4.0,"","","","","","","","","","","","","","","","","","","",""
"","","","","","","","","","","","","","","","","","","","","","","","","","","","","","","","","","","","","","","","","","","","","","","","","","t4ero1fr4b",0,8.0,38.0,0.0,0.0,"Protective Cap for CAC",1,"Protective Cap for CAC","Protective Cap for CAC","",1.0,8.0,0.0,"BOF Stores - TPL","Nos",8.0,"","","","","","","","","","","","","","","","","","","",""
"","","","","","","","","","","","","","","","","","","","","","","","","","","","","","","","","","","","","","","","","","","","","","","","","","t4ekr7l338",0,8.0,38.0,0.0,0.0,"Protective cap for OC",1,"Protective cap for OC","Protective cap for OC","",1.0,8.0,0.0,"BOF Stores - TPL","Nos",8.0,"","","","","","","","","","","","","","","","","","","",""
"","","","","","","","","","","","","","","","","","","","","","","","","","","","","","","","","","","","","","","","","","","","","","","","","","t4ese2ns78",0,8.0,38.0,0.0,0.0,"Protective Cap for Radiator",1,"Protective Cap for Radiator","Protective Cap for Radiator","",1.0,8.0,0.0,"BOF Stores - TPL","Nos",8.0,"","","","","","","","","","","","","","","","","","","",""
"","","","","","","","","","","","","","","","","","","","","","","","","","","","","","","","","","","","","","","","","","","","","","","","","","t4evvjm3cv",0,4.0,19.0,0.0,0.0,"Sticker (Warning)",1,"Sticker (Warning)","Sticker (Warning)","",1.0,4.0,0.0,"BOF Stores - TPL","Nos",4.0,"","","","","","","","","","","","","","","","","","","",""
"","","","","","","","","","","","","","","","","","","","","","","","","","","","","","","","","","","","","","","","","","","","","","","","","","t4edtrbt4a",0,4.0,19.0,0.0,0.0,"Sticker(Part No)",1,"Sticker (Part No)","Sticker (Part No)","",1.0,4.0,0.0,"BOF Stores - TPL","Nos",4.0,"","","","","","","","","","","","","","","","","","","",""
"","","","","","","","","","","","","","","","","","","","","","","","","","","","","","","","","","","","","","","","","","","","","","","","","","t4ee5p5cp5",0,4.0,19.0,0.0,0.0,"Sticker(Serial No)",1,"Sticker (Serial No)","Sticker (Serial No)","",1.0,4.0,0.0,"BOF Stores - TPL","Nos",4.0,"","","","","","","","","","","","","","","","","","","",""
"","","","","","","","","","","","","","","","","","","","","","","","","","","","","","","","","","","","","","","","","","","","","","","","","","t4ea2hotif",0,0.08,0.0,2.0,0.0,"Nut Cover for Condenser Mounting 43*30.3*1",1,"Nut Cover for Condenser Mounting 43*30.3*1","Nut Cover for Condenser Mounting 43*30.3*1","",0.01,8.0,0.0,"BOF Stores - TPL","Nos",0.0,"","","","","","","","","","","","","","","","","","","",""
